time,temperature_2m_max (°C),temperature_2m_min (°C),temperature_2m_mean (°C),shortwave_radiation_sum (MJ/m²),precipitation_sum (mm),rain_sum (mm),precipitation_hours (h),windspeed_10m_max (km/h),winddirection_10m_dominant (°),et0_fao_evapotranspiration (mm)
1/1/2019,26.2,10,18.2,17.4,0,0,0,10.1,131,3.73
1/2/2019,27,13.5,20.1,17.27,0,0,0,10.2,325,3.65
1/3/2019,26,12.2,18.7,17.38,0,0,0,10.5,40,3.67
1/4/2019,26.3,11.5,18.7,17.34,0,0,0,10.2,109,3.73
1/5/2019,27.5,13,19.6,16.77,0,0,0,12.5,189,3.88
1/6/2019,25.3,12,18.1,17.42,0,0,0,12.6,323,3.83
1/7/2019,22.3,10.9,16.1,17.8,0,0,0,14.5,28,3.46
1/8/2019,22.7,9.7,16.1,17.63,0,0,0,11.2,61,2.88
1/9/2019,23.6,9.5,16.3,17.58,0,0,0,9.4,50,3.29
1/10/2019,23.6,10.2,16.6,17.81,0,0,0,10.8,71,3.37
1/11/2019,24.8,10.5,17.6,17.59,0,0,0,10.5,84,3.48
1/12/2019,26,12.3,19.1,17.34,0,0,0,10.5,92,3.3
1/13/2019,26.1,11.9,18.8,17.66,0,0,0,15,30,3.64
1/14/2019,24.1,12.9,18,17.93,0,0,0,15.5,39,3.85
1/15/2019,24.4,10.4,17.1,18.31,0,0,0,10.7,57,3.56
1/16/2019,26.3,10.3,18.1,18.34,0,0,0,10.4,111,3.82
1/17/2019,27.2,13.4,19.8,18.2,0,0,0,9.2,81,3.7
1/18/2019,26.9,12.6,19.5,18.27,0,0,0,11.2,65,4.07
1/19/2019,27.5,12.1,19.6,18.49,0,0,0,11.4,103,4.36
1/20/2019,29.3,12.6,20.7,18.58,0,0,0,10.3,148,4.55
1/21/2019,29.1,15,21.9,17.63,0,0,0,21.9,192,5.07
1/22/2019,25.5,14.3,20.2,17.23,0,0,0,17.6,261,3.92
1/23/2019,24.6,12.4,18.8,17.84,0,0,0,8.2,346,3.49
1/24/2019,24.8,13.4,18.9,17.42,0,0,0,12.6,41,3.56
1/25/2019,21.9,12.4,16.7,14.79,0,0,0,17.6,14,3.04
1/26/2019,20.7,11,15.4,16.79,0,0,0,21.1,34,3.14
1/27/2019,20.6,9.5,14.6,19.2,0,0,0,15.8,32,3.89
1/28/2019,20.3,8.7,14,19.65,0,0,0,17.4,35,3.96
1/29/2019,20.9,7.8,14.1,19.85,0,0,0,13.5,50,3.81
1/30/2019,23.2,7.4,15.3,19.61,0,0,0,11.5,96,3.86
1/31/2019,25.5,10.8,18.3,17.38,0,0,0,16.6,156,4.03
2/1/2019,26.8,11.5,19.4,19.14,0,0,0,12.4,5,3.87
2/2/2019,26.5,13,19.6,19.08,0,0,0,15.7,41,3.88
2/3/2019,26.8,15,20.5,13.47,0,0,0,16.4,79,3.41
2/4/2019,28.5,17.5,22.5,16.16,0,0,0,16.6,127,4.2
2/5/2019,29.1,17.2,23.3,16.52,0,0,0,20,164,4.5
2/6/2019,28.6,19,23,15.94,0.3,0.3,1,16.8,247,4.06
2/7/2019,24.4,13.8,19.1,19.91,0,0,0,22.9,258,4.7
2/8/2019,22.3,9.7,16,20.96,0,0,0,14.5,295,4.38
2/9/2019,21.8,9.1,15.3,20.99,0,0,0,14.5,24,4.38
2/10/2019,23.4,9.3,16.3,20.92,0,0,0,13.9,79,4.28
2/11/2019,27,11,18.9,20.77,0,0,0,11.2,88,4.55
2/12/2019,29.7,14.1,21.9,20.26,0,0,0,13,116,4.72
2/13/2019,29.5,19,23.5,15.54,0.7,0.7,2,16,136,3.92
2/14/2019,30,17.6,23.3,16,2.1,2.1,4,14.2,264,3.95
2/15/2019,28.4,16.2,22.1,20.54,0,0,0,15.7,302,4.9
2/16/2019,25.5,13.7,19.4,21.12,0,0,0,15.6,21,4.38
2/17/2019,26.5,12.7,19.5,21.31,0,0,0,8.6,17,4.33
2/18/2019,29.8,13.3,21.4,21.02,0,0,0,10,268,4.89
2/19/2019,31,14.5,22.6,21.1,0,0,0,13,291,5.23
2/20/2019,32.8,14.6,24,21.36,0,0,0,14.2,107,5.49
2/21/2019,34.3,20.7,26.9,21.07,0,0,0,17.5,227,5.92
2/22/2019,31.7,17.8,24.6,21.21,0,0,0,14.6,315,5.06
2/23/2019,30.7,17.5,23.7,20.65,0,0,0,11.8,25,4.45
2/24/2019,31,17.2,23.3,18.81,0,0,0,19.2,295,4.95
2/25/2019,28.9,16.1,22.4,22.66,0,0,0,15.8,297,5.86
2/26/2019,28,15.1,21.6,21.68,0,0,0,27.2,262,5.76
2/27/2019,25.5,16.6,20.5,16.44,0,0,0,23.5,284,4.27
2/28/2019,24.8,13.5,19.1,22.93,0,0,0,16.9,35,4.97
3/1/2019,26.9,13.6,20.1,22.8,0,0,0,15.5,74,5.37
3/2/2019,30.7,16,23.3,22.2,0,0,0,16.8,118,5.76
3/3/2019,30.9,17.7,24.4,19.51,0,0,0,15.9,263,5.28
3/4/2019,28.8,17.8,23.1,18.82,0,0,0,21.1,284,4.9
3/5/2019,27.5,15.4,21.4,23.45,0,0,0,14,344,5.43
3/6/2019,27.8,14.7,21.4,23.4,0,0,0,8.2,323,4.94
3/7/2019,28.7,14.7,22,23.75,0,0,0,9.8,23,5.22
3/8/2019,31.6,15.2,23.5,23.48,0,0,0,14.8,259,5.89
3/9/2019,30.9,17.8,24,24.03,0,0,0,20.5,295,6.48
3/10/2019,31.5,16.5,24.2,23.63,0,0,0,11,306,5.8
3/11/2019,32.2,18.9,25.2,23.2,0,0,0,17.4,272,6.11
3/12/2019,31.2,17.8,24.4,24.17,0,0,0,12.6,350,5.72
3/13/2019,32.3,18,25.1,23.86,0,0,0,10.3,327,6.03
3/14/2019,32,19.9,25.2,23.44,0,0,0,17.7,304,6.38
3/15/2019,30.8,16.7,24,24.71,0,0,0,15.7,15,6.36
3/16/2019,31.4,18,24.8,24.34,0,0,0,19.1,55,6.18
3/17/2019,32.5,19.1,25.6,22.98,0,0,0,12.9,2,5.97
3/18/2019,32,19.4,25.8,24.54,0,0,0,16.2,48,6.26
3/19/2019,33.5,18.4,26.5,24.7,0,0,0,9.3,16,6.19
3/20/2019,34.3,19.8,27.2,22.5,0,0,0,17.2,279,6.41
3/21/2019,33.2,19.8,26.5,25.23,0,0,0,13.5,312,6.86
3/22/2019,33.5,19.1,26.6,25.56,0,0,0,11.8,5,6.72
3/23/2019,33.8,20.8,27.3,25.14,0,0,0,14.3,45,6.82
3/24/2019,35,21,28.1,25.17,0,0,0,10.6,50,6.4
3/25/2019,36.3,20.8,28.6,24.15,0.2,0.2,1,14.5,334,6.98
3/26/2019,35.4,21.5,28.3,25.98,0,0,0,17,9,7.67
3/27/2019,35.9,21.4,28.7,25.89,0,0,0,12.2,48,7.08
3/28/2019,37.8,21.2,29.9,25.54,0,0,0,11.2,42,7.11
3/29/2019,39.5,22.9,31.7,25.12,0,0,0,11.1,290,7.11
3/30/2019,39.6,25.1,31.7,23.49,0.2,0.2,1,16.8,300,7.86
3/31/2019,38.8,25.1,31.6,25.48,0,0,0,23.3,295,9.24
4/1/2019,37.8,22.7,30.5,26.2,0,0,0,10.8,342,7.54
4/2/2019,38,21.7,30.6,26.39,0,0,0,9.9,343,6.82
4/3/2019,39.2,24,31.6,26.5,0,0,0,12.3,304,8.17
4/4/2019,40.1,25.7,32.5,25.39,0,0,0,15.5,295,8.58
4/5/2019,39.5,25.2,31.9,24.46,0.9,0.9,3,19.1,284,8.92
4/6/2019,39,24.6,31.6,26.34,0,0,0,19.5,290,8.98
4/7/2019,39,24.3,31.4,24.82,0,0,0,19.7,293,8.72
4/8/2019,39.7,24.6,31.7,25.66,0,0,0,19,289,8.75
4/9/2019,39,24.4,31.7,26.95,0,0,0,20.3,288,9.53
4/10/2019,39.2,25,31.8,24.99,0.7,0.7,3,16.3,295,8.36
4/11/2019,40,26,32.5,25.34,0,0,0,15.3,297,8.65
4/12/2019,39.8,24.7,32.8,26.5,0,0,0,15.8,294,8.86
4/13/2019,40.6,25.3,33.1,25.77,0.2,0.2,1,18.7,293,9.15
4/14/2019,40.6,26.6,33.6,25.99,0,0,0,17.8,311,9.24
4/15/2019,36.4,27.1,31.4,14.86,0.8,0.8,2,20.5,279,6.31
4/16/2019,32.2,22.8,26.6,19.79,5.8,5.8,9,13.7,120,4.68
4/17/2019,32.1,20.8,26.1,26.17,0.7,0.7,2,16.7,287,6.23
4/18/2019,33.1,19.8,26.6,25.15,0,0,0,13,317,6.48
4/19/2019,34.7,20.4,27.8,26.59,0,0,0,12.5,343,7.07
4/20/2019,35.8,21.3,29,27.14,0,0,0,12.1,1,7.21
4/21/2019,37.2,21.9,29.9,27.18,0,0,0,12.1,327,7.24
4/22/2019,38.1,22.6,31.1,25.32,0,0,0,9.3,310,6.85
4/23/2019,39.9,25.8,33,24.79,0,0,0,14.5,329,7.65
4/24/2019,40.9,27.3,34.4,26.49,0,0,0,13.9,327,8.24
4/25/2019,40.8,29,34.5,25.56,0,0,0,19,343,9.63
4/26/2019,41.3,28.1,34.7,26.4,0,0,0,19.2,318,10.02
4/27/2019,42,28.1,35.3,26.94,0,0,0,18.1,321,10
4/28/2019,42.7,28.1,35.3,28.25,0,0,0,20.5,311,10.75
4/29/2019,42.6,28.3,35.1,28.16,0,0,0,22.1,301,10.59
4/30/2019,40.8,26.8,33.6,28.05,0,0,0,20,279,10.05
5/1/2019,39,25.1,32.1,27.9,0,0,0,19.1,283,9.52
5/2/2019,38.9,25,32.2,27.57,0,0,0,18.3,288,9.23
5/3/2019,38.8,25.9,32.6,25.84,0,0,0,21.1,285,9.5
5/4/2019,37.7,25.8,31.8,23.81,0,0,0,16.1,295,7.85
5/5/2019,36.4,24.9,31.4,23.19,0,0,0,14.6,287,7.22
5/6/2019,39.2,26,32.9,23.59,0,0,0,18.3,293,8.57
5/7/2019,39.7,28.1,33.6,26.74,0,0,0,22.4,295,10.13
5/8/2019,39,26,32.5,28.03,0,0,0,21.7,294,9.99
5/9/2019,38.7,24.7,31.7,27.59,0,0,0,19.7,285,9.18
5/10/2019,37.8,24.9,31.2,24.89,0,0,0,24,270,8.34
5/11/2019,38,24.4,31.4,26.9,0,0,0,17.2,287,8.54
5/12/2019,39.1,26,32.3,24.85,0.2,0.2,1,19.2,303,8.14
5/13/2019,38.4,26.6,31.9,24.83,0.3,0.3,1,17.1,286,8.1
5/14/2019,38.7,25.6,32.1,26.23,0,0,0,19.9,287,8.77
5/15/2019,38.8,25.6,32.4,24.89,0,0,0,14.8,276,8.14
5/16/2019,38,25.3,31.8,25.97,0,0,0,20.7,289,8.24
5/17/2019,38.4,26.2,32,25.73,0,0,0,24.3,285,8.75
5/18/2019,38.4,26.4,31.9,26.43,0,0,0,24.5,298,8.96
5/19/2019,38.1,26.6,32.1,24.69,0.3,0.3,1,19.8,297,8.31
5/20/2019,39.8,27.2,33.5,24.94,0,0,0,16.3,316,7.93
5/21/2019,40.8,28.7,34.7,25.85,0,0,0,18.1,300,9.09
5/22/2019,40.3,28.6,34.4,25.88,0,0,0,19.6,289,9.61
5/23/2019,40.4,28.1,34.1,25.75,0,0,0,19.3,283,9.24
5/24/2019,40,28.2,34,27.47,0,0,0,21,283,9.88
5/25/2019,39.6,27.5,33.8,25.15,0,0,0,17.9,296,8.77
5/26/2019,40.6,28.8,34.5,26.45,0,0,0,18.4,293,9.24
5/27/2019,40.8,28.1,34.5,26.53,0,0,0,19.8,291,9.28
5/28/2019,41.5,28.6,35.1,25.39,0,0,0,18.6,295,9.5
5/29/2019,41.6,29.1,35.6,23.37,0,0,0,19.5,300,8.86
5/30/2019,40.4,29.3,35,21.93,0,0,0,19.9,293,8.26
5/31/2019,41.5,28.9,35.3,24.68,0,0,0,16.4,286,8.96
6/1/2019,40.9,27.7,34.7,25.12,0,0,0,17.9,293,8.83
6/2/2019,40.7,28,34.6,23.82,0,0,0,17.7,283,8.2
6/3/2019,41.6,28.5,35,24.32,0,0,0,23.9,283,9.56
6/4/2019,41,27.2,34.5,24.99,0.2,0.2,1,22.6,288,9.25
6/5/2019,41.7,28.9,35.2,24.95,0,0,0,20.3,299,9.2
6/6/2019,41.6,29.6,35.5,24.21,0.2,0.2,1,20.3,299,9.24
6/7/2019,42.4,29.5,35.6,22.68,0,0,0,19.6,305,9.01
6/8/2019,41.8,29.9,35.7,24.54,0,0,0,19.1,289,9.26
6/9/2019,41.4,29.7,35.5,23.46,0,0,0,19.8,282,8.95
6/10/2019,41.7,28.5,35,24.61,0,0,0,20.2,281,8.87
6/11/2019,41.1,28.7,34.9,25.62,0,0,0,17.3,272,8.02
6/12/2019,40.6,30.5,35,22.28,0.1,0.1,1,15,219,6.89
6/13/2019,37.4,27.5,32.4,21.57,0,0,0,17.1,268,6.67
6/14/2019,37,28.1,32.3,21.67,0.7,0.7,1,15.6,271,6.51
6/15/2019,38.4,28,32.1,23.29,0,0,0,22,265,7.59
6/16/2019,36,26.7,31.1,21.17,0.1,0.1,1,22,263,7.01
6/17/2019,36.2,25.9,30.6,22.44,0,0,0,22.1,260,7.12
6/18/2019,35.9,25.4,30.1,19.49,0.1,0.1,1,18.3,244,6.08
6/19/2019,33.1,24.7,28.2,14.66,5.1,5.1,9,21.8,260,4.31
6/20/2019,34.2,25.6,29,20.79,1.3,1.3,4,19.6,297,5.37
6/21/2019,36.1,26.3,30,23.18,2,2,3,14,304,6.01
6/22/2019,35.5,25.6,29.9,19.34,2.6,2.6,5,18.3,299,5.42
6/23/2019,36.4,25.2,29.9,22.3,0.5,0.5,3,18,291,5.9
6/24/2019,33.9,26.5,29.7,17.2,3.8,3.8,6,16.1,280,4.75
6/25/2019,33.3,24.2,28.6,21.03,4.4,4.4,9,13.8,273,5.12
6/26/2019,33.2,26.2,28.9,19.39,6.9,6.9,7,17.2,280,4.91
6/27/2019,31.2,24.6,27.5,13.49,7.3,7.3,14,15.8,270,3.5
6/28/2019,31.5,25,27.5,14.43,1.6,1.6,4,18.2,266,3.91
6/29/2019,30.8,24.1,26.6,12.84,12.2,12.2,5,15.8,266,3.15
6/30/2019,27.4,22.9,25.1,6.5,14,14,18,15.9,261,1.64
7/1/2019,29.7,23.4,25.9,10.39,5.7,5.7,11,14.6,277,2.58
7/2/2019,31.3,23.5,26.8,13.89,4.8,4.8,9,14.9,281,3.49
7/3/2019,25.9,23.1,24.1,3.81,32.4,32.4,24,25,277,1.16
7/4/2019,25.5,23.2,23.8,3.88,47,47,24,24.2,273,0.9
7/5/2019,24,23.5,23.7,2.99,17,17,19,20.5,270,0.82
7/6/2019,24.2,22.7,23.4,2.72,30.8,30.8,24,21,254,0.76
7/7/2019,26.3,23.2,24.3,5.38,10.2,10.2,17,21.6,260,1.37
7/8/2019,27.7,23.1,25,8.39,13.3,13.3,15,22.3,255,2.19
7/9/2019,29.3,23.8,26.3,16.64,1.4,1.4,7,25.8,246,3.95
7/10/2019,29.4,23.7,26.4,15.33,0.7,0.7,5,21.6,242,3.91
7/11/2019,29.7,23.8,26.5,15.53,0.7,0.7,4,24.6,249,4.31
7/12/2019,29.5,23.5,26.3,15.37,1,1,6,25,244,4.2
7/13/2019,29.6,23.4,26.4,18,0.5,0.5,5,23.6,246,4.85
7/14/2019,30.2,23.6,26.5,17.98,0.6,0.6,3,27.2,252,5.01
7/15/2019,29.7,23.9,26.5,16.07,0.3,0.3,2,28.2,251,4.83
7/16/2019,30.1,23.1,26.5,16.83,0.2,0.2,2,23.9,252,4.85
7/17/2019,30.5,23.7,26.9,18.45,0,0,0,22.1,263,5.02
7/18/2019,31.1,23.3,26.9,19.09,1.1,1.1,6,20.7,276,4.73
7/19/2019,31.6,23.6,27.5,21.89,0.4,0.4,2,12.2,299,4.92
7/20/2019,30.3,25.3,27.5,16.69,23.1,23.1,11,11.4,334,3.8
7/21/2019,31.7,24.5,27.6,18.06,6,6,8,8,137,3.89
7/22/2019,32.1,24.5,28,21.59,2.2,2.2,7,10.3,153,4.92
7/23/2019,32.3,25,28.8,22.24,0.3,0.3,2,10.9,176,5.12
7/24/2019,32.2,25.9,28.6,19.52,1.4,1.4,7,13.5,251,4.65
7/25/2019,28.3,24.2,26.2,11.81,6.4,6.4,11,16.5,257,2.78
7/26/2019,27.3,23.4,24.5,8.6,13.6,13.6,22,26.4,262,2.11
7/27/2019,26.1,23.1,24.1,5.98,22.8,22.8,23,26,266,1.41
7/28/2019,24.7,22.8,23.7,6.29,23.9,23.9,19,26.8,271,1.21
7/29/2019,28.5,22.8,25,12.41,7,7,11,18.7,269,2.58
7/30/2019,24.4,23.2,23.7,3.02,8.7,8.7,22,19.6,262,0.75
7/31/2019,25.2,22.6,23.4,3.31,5.5,5.5,16,26.6,254,0.78
8/1/2019,25.4,22.7,23.6,5.28,9,9,16,21.4,259,1.17
8/2/2019,25.7,22.7,23.8,5.26,8,8,17,18.2,265,1.31
8/3/2019,24.7,23,23.7,4.31,19.9,19.9,18,18,248,1.01
8/4/2019,28.9,23.1,25,11.44,7.7,7.7,16,15.9,243,2.45
8/5/2019,26,23.3,24.4,7.45,20.3,20.3,18,21,265,1.65
8/6/2019,27.5,23.2,24.9,8.39,8.3,8.3,11,20.9,270,2.08
8/7/2019,24.2,23.4,23.8,1.66,47.2,47.2,24,21.1,268,0.57
8/8/2019,24.6,22.9,23.4,3.73,61.8,61.8,24,27.1,275,0.83
8/9/2019,25.1,23,23.6,7.93,63.2,63.2,23,31.8,238,1.36
8/10/2019,28.5,22.8,25.1,16.28,1.1,1.1,7,29.8,202,3.2
8/11/2019,26.7,22.6,24.5,10.06,0.7,0.7,6,23.3,224,2.24
8/12/2019,28.3,22.9,25.2,13.85,0.9,0.9,6,18.9,266,2.91
8/13/2019,28.6,22.7,25.1,13.78,4.9,4.9,13,19.7,286,2.93
8/14/2019,24.5,22.9,23.6,4.01,23.3,23.3,22,18.4,278,0.99
8/15/2019,23.6,22.8,23.1,3.25,28,28,20,26.6,258,0.81
8/16/2019,27.2,22.6,24.3,14.34,4.8,4.8,15,29.1,246,2.74
8/17/2019,27.9,22.7,25,14.68,0.7,0.7,5,25.5,248,3.15
8/18/2019,25.9,22.8,24.2,8.14,3.8,3.8,15,18.7,268,1.87
8/19/2019,27.2,22.7,24.4,10.35,11,11,11,16.8,284,2.24
8/20/2019,28.5,23.1,25.2,14.12,2.6,2.6,2,19.4,293,3.17
8/21/2019,29.2,23.2,25.4,15.07,0.5,0.5,2,21.1,291,3.39
8/22/2019,29.4,22.8,25.6,18.36,1,1,4,20.3,295,4.03
8/23/2019,28.9,22.3,25.1,15.49,0.8,0.8,2,19.6,295,3.41
8/24/2019,26.5,23,24.4,8.19,11,11,12,17.9,293,1.99
8/25/2019,24.1,22.3,23.2,3.28,33.3,33.3,24,18.5,294,0.98
8/26/2019,23.8,22.2,22.7,2.51,48.9,48.9,24,16.8,285,0.7
8/27/2019,23.6,21.8,22.4,3.26,10.4,10.4,16,18.9,262,0.74
8/28/2019,24,21,22.5,3.99,9.5,9.5,20,16.1,240,0.88
8/29/2019,28.3,22.5,24.8,12.57,2,2,9,10.8,267,2.78
8/30/2019,29.3,22.9,25.3,13.86,9.8,9.8,11,12,297,2.94
8/31/2019,28,22.7,24.5,10.32,11.6,11.6,17,11,271,2.36
9/1/2019,28.4,22.9,25,13.11,16.2,16.2,12,10.5,268,2.82
9/2/2019,28,22.9,25,11.94,1.4,1.4,5,14,267,2.71
9/3/2019,26.7,23.3,24.5,8.02,5.5,5.5,16,13.5,266,1.81
9/4/2019,27.9,23.4,25.1,8.14,15.9,15.9,17,12.1,290,1.83
9/5/2019,29.2,23.2,24.9,9.26,23.8,23.8,16,10.2,301,2.06
9/6/2019,28.4,23.4,24.9,9.32,7.2,7.2,7,12.1,277,2.08
9/7/2019,28.6,23.8,25.7,10.55,1,1,6,12.6,256,2.47
9/8/2019,26.3,23.3,24.6,6.09,15.4,15.4,22,10.8,267,1.4
9/9/2019,26,23.4,24.2,4.91,28.8,28.8,24,16.8,288,1.04
9/10/2019,24.1,22.6,23.4,2.12,50.3,50.3,24,12.4,289,0.55
9/11/2019,26.6,22.6,24.2,4.55,11.8,11.8,15,18.5,272,0.93
9/12/2019,24,22.6,23.3,3.58,25.5,25.5,19,20.2,276,0.77
9/13/2019,23.3,22.1,22.7,2.18,96.8,96.8,24,26.4,280,0.57
9/14/2019,24.4,22.8,23.5,1.77,90.2,90.2,24,27.2,277,0.46
9/15/2019,25.1,22.4,23.6,3.82,63.2,63.2,19,24,279,0.83
9/16/2019,26.4,23.3,24.3,7.56,5.5,5.5,9,20.9,291,1.65
9/17/2019,29.1,23.2,25.3,10.98,1.7,1.7,11,16.3,311,2.35
9/18/2019,29.9,22.9,25.8,14.5,2.6,2.6,10,16.6,26,2.98
9/19/2019,29,22.6,25.2,14.81,18.3,18.3,21,11.9,76,3.05
9/20/2019,28.6,23,24.9,14.3,9.4,9.4,15,16,100,2.84
9/21/2019,27.8,22.5,24.6,12.1,14.3,14.3,9,10.2,129,2.4
9/22/2019,29.3,22.1,24.9,17.13,12.7,12.7,11,8.7,148,3.44
9/23/2019,28.3,22.4,24.4,10.76,12.8,12.8,12,8.6,321,2.28
9/24/2019,28.9,22.1,24.9,14.75,9.8,9.8,8,13.2,61,3.08
9/25/2019,27.9,22.6,24.7,12.4,12.1,12.1,14,14.6,82,2.59
9/26/2019,27.1,22.4,24.2,9.93,12,12,21,15,134,2.07
9/27/2019,27.2,22.4,23.7,9.67,17.4,17.4,24,15.6,205,1.94
9/28/2019,27.1,22,23.8,13.21,8.9,8.9,17,17.9,248,2.66
9/29/2019,27.7,21.5,24.1,14.97,1.6,1.6,5,12,251,3.07
9/30/2019,28.3,20.8,24,15.27,2.4,2.4,6,14.4,213,3.2
10/1/2019,25.1,21.6,23.1,7.42,4.2,4.2,10,24.1,228,1.79
10/2/2019,28.7,22.4,24.6,15.76,0.9,0.9,5,19.5,291,3.24
10/3/2019,28.8,21.8,24.6,16.02,0.4,0.4,1,13.1,302,3.28
10/4/2019,29.1,21.1,24.9,18.96,0.6,0.6,4,7.9,327,3.81
10/5/2019,28.6,21.6,24.5,16.76,5.3,5.3,9,5.8,16,3.42
10/6/2019,28.5,21,24.4,17.56,5.3,5.3,9,6.4,87,3.5
10/7/2019,28.9,21.3,24.8,17.4,3.4,3.4,7,8.2,46,3.56
10/8/2019,29,21.2,25,18.26,0.6,0.6,1,9.8,52,3.85
10/9/2019,29.1,20.7,24.8,19.86,0.5,0.5,3,8.9,61,4.17
10/10/2019,29,20.4,24.7,18.71,0.6,0.6,2,7.2,57,3.92
10/11/2019,28.9,20.6,24.6,18.8,0.3,0.3,2,8.2,59,3.87
10/12/2019,29.3,20,24.3,21.11,0,0,0,9.2,41,4.54
10/13/2019,29.7,17.3,23.5,21.84,0,0,0,9,51,4.8
10/14/2019,29.7,20.3,25.6,19.3,0,0,0,7.9,79,4.13
10/15/2019,30.3,19,24.9,20.41,0,0,0,11.4,46,4.6
10/16/2019,30.4,19.1,25,20,0,0,0,13.8,45,4.55
10/17/2019,29.6,18.8,24.1,20.25,0,0,0,9.3,82,4.4
10/18/2019,27.9,19.2,24.2,17.12,0.1,0.1,1,9.1,98,3.63
10/19/2019,27.6,21.1,23.4,12.52,5,5,6,11.4,111,2.64
10/20/2019,25.9,20.4,22.9,13.33,0,0,0,12.6,100,2.73
10/21/2019,25.8,19.9,22.6,11.63,0,0,0,12.2,86,2.62
10/22/2019,26.5,19.9,22.9,13.6,1.1,1.1,2,13.5,103,2.91
10/23/2019,23.4,19,20.8,8.19,3,3,7,15.2,85,2.04
10/24/2019,26.1,18.5,21.9,14.59,0,0,0,14.8,95,3.16
10/25/2019,27,19,22.8,14.41,0,0,0,16.9,73,3.46
10/26/2019,26.1,20.4,22.5,10.35,5,5,7,20.2,88,2.51
10/27/2019,22.8,20.4,21.4,3.9,17,17,21,11.6,88,0.94
10/28/2019,26.9,20.2,22.8,10.52,11.2,11.2,11,12.2,96,2.15
10/29/2019,28.5,20.4,23.7,15.53,5.4,5.4,9,7.6,92,3.16
10/30/2019,29,20.1,23.9,16.93,2.4,2.4,3,8.9,59,3.46
10/31/2019,29.1,20.6,24.2,17.51,1.9,1.9,3,7.7,94,3.49
11/1/2019,28.4,20.3,24.2,16.41,0,0,0,11.7,120,3.37
11/2/2019,23.1,20.6,21.9,4.33,4.9,4.9,9,10.7,136,1
11/3/2019,26.2,20.5,22.8,7.89,1.8,1.8,6,5.6,58,1.65
11/4/2019,28.1,18.9,23.2,15.99,0,0,0,7.7,345,3.31
11/5/2019,27.7,18.9,23.2,16.09,0.1,0.1,1,6.6,351,3.27
11/6/2019,27.8,20.2,23.2,15.31,2.3,2.3,3,5.2,242,3.03
11/7/2019,28.1,19.4,23.1,15.43,0.9,0.9,3,12.3,202,3.11
11/8/2019,27.3,19.6,22.9,14.12,6,6,6,10.5,107,2.83
11/9/2019,27.3,19.8,23.2,15.14,0,0,0,11.6,72,3.14
11/10/2019,27.1,18.9,22.9,16.28,0,0,0,13,75,3.26
11/11/2019,27.7,17.7,22.7,17.09,0,0,0,10.2,127,3.56
11/12/2019,27.1,18.7,23.4,14.88,0,0,0,12.2,145,3.14
11/13/2019,27.4,19,23.4,16.44,0,0,0,9.4,122,3.51
11/14/2019,27.1,17.8,22.2,17.9,0,0,0,13,106,3.78
11/15/2019,26.7,15.7,21.4,17.87,0,0,0,10,108,3.63
11/16/2019,27.3,16.8,22.4,17.62,0,0,0,7.2,81,3.44
11/17/2019,27.5,16.5,21.6,17.74,0,0,0,11.5,49,3.65
11/18/2019,27.2,15,21.4,17.82,0,0,0,10.9,53,3.52
11/19/2019,26.8,15.8,21.5,17.35,0,0,0,9.4,200,3.43
11/20/2019,26.4,16.8,21.9,16.36,0,0,0,10.2,141,3.24
11/21/2019,26.7,15.9,21.4,16.88,0,0,0,12.6,121,3.42
11/22/2019,26.9,15.7,21.2,17.34,0,0,0,9.5,142,3.45
11/23/2019,27,18.9,23,17.1,0,0,0,7.2,124,3.4
11/24/2019,27.1,16.8,22.4,16.46,0,0,0,10.5,107,3.29
11/25/2019,27.3,16.8,21.9,16.46,0,0,0,12,115,3.39
11/26/2019,26.8,17.5,22,14.97,0,0,0,11.1,125,3.18
11/27/2019,27.6,16.7,22.2,14.98,0,0,0,13.2,149,3.15
11/28/2019,27.8,16.7,22.2,16.51,0,0,0,10.7,145,3.45
11/29/2019,27.7,17.7,22.8,16.73,0,0,0,8,155,3.34
11/30/2019,26.9,15.7,21.6,15.1,0,0,0,11.6,101,3.05
12/1/2019,26.4,17.8,21.7,14.06,0.1,0.1,1,12.3,130,2.81
12/2/2019,25.4,17.4,21.3,13.26,0.7,0.7,3,10.6,68,2.59
12/3/2019,26,17.1,21.1,14.91,0,0,0,13.8,69,2.92
12/4/2019,26.5,16.6,21.2,15.46,0,0,0,15.5,81,3.29
12/5/2019,26.2,17.3,21.1,15.4,0,0,0,11.7,69,3.6
12/6/2019,24.3,14.3,19,16.25,0,0,0,11.2,59,3.59
12/7/2019,24.6,15,19.3,16.37,0,0,0,12.3,63,3.36
12/8/2019,25.2,13.6,19.1,16.62,0,0,0,11,65,3.18
12/9/2019,25.8,13.8,19.7,16.37,0,0,0,9,83,3
12/10/2019,25.9,14.4,20.2,16.33,0,0,0,8.6,119,3.09
12/11/2019,26.6,15.5,21.4,14.18,0,0,0,10.2,169,2.89
12/12/2019,26.1,17.4,21.1,14.6,0,0,0,14.6,212,3.06
12/13/2019,24.8,13.7,19.6,13.17,0,0,0,17.3,263,2.9
12/14/2019,25,14.2,19.5,15.45,0,0,0,10.7,17,2.81
12/15/2019,22.6,14.7,18.2,13.32,0,0,0,14.8,38,2.41
12/16/2019,21.2,12.6,16.8,11.43,0,0,0,14.3,49,2.09
12/17/2019,22.3,11.7,16.6,16.62,0,0,0,12.3,55,2.79
12/18/2019,23.4,11,17.2,14.85,0,0,0,10.1,80,2.5
12/19/2019,25.3,12.5,18.9,15.29,0,0,0,6.5,93,2.75
12/20/2019,25.8,13.5,19.7,15.99,0,0,0,8.4,117,2.92
12/21/2019,26.2,14.7,20.5,15.38,0,0,0,7.9,116,2.9
12/22/2019,25,15.9,20.3,13.46,0,0,0,11.6,77,2.64
12/23/2019,24.4,15.4,19.6,11.81,0.5,0.5,5,12.2,92,2.54
12/24/2019,26.3,16.6,20.7,12.76,1.1,1.1,6,13,133,2.5
12/25/2019,23.2,16.1,19.3,10.49,0.9,0.9,4,8.4,44,1.87
12/26/2019,22.9,14.1,18,16,0,0,0,12.2,28,3
12/27/2019,20.7,9.8,14.7,17.64,0,0,0,14.8,64,3.59
12/28/2019,21,7.9,13.9,17.69,0,0,0,14.5,87,3.54
12/29/2019,21.6,8.9,15.1,15.93,0,0,0,14,96,3.27
12/30/2019,21.7,11.4,16.4,13.81,0,0,0,12.1,109,3.07
12/31/2019,21.4,14.3,18,9.85,0,0,0,13.3,101,2.21
1/1/2020,21.7,13.4,17.5,12.16,0.6,0.6,4,13.8,106,2.09
1/2/2020,22.3,14.6,17.7,9.89,1,1,4,10.9,82,1.64
1/3/2020,22,11.9,16.8,16.05,0,0,0,10.5,17,2.68
1/4/2020,21.1,11.9,16.2,15.04,0,0,0,11.8,43,2.59
1/5/2020,21.3,9.9,15.3,17.21,0,0,0,14.8,80,3.02
1/6/2020,23.3,11.3,16.7,17.13,0,0,0,15.1,118,3.46
1/7/2020,25.2,11.9,18.9,14.55,0,0,0,13.5,185,3.01
1/8/2020,24.7,15.7,19.4,13.63,0.2,0.2,2,20.5,274,2.85
1/9/2020,20.7,11,15.3,17.97,0,0,0,15.9,29,3.34
1/10/2020,20,7.9,13.4,18.13,0,0,0,16.5,67,3.22
1/11/2020,22.5,7.8,14.9,17.51,0,0,0,11.5,99,3.11
1/12/2020,24.5,10.4,17.4,17.33,0,0,0,8.9,121,3.32
1/13/2020,26.4,13.8,19.9,15.79,0,0,0,18.8,217,3.43
1/14/2020,23.2,15.3,18.9,12.02,0.2,0.2,2,8.4,333,2.19
1/15/2020,24,15.4,19.2,11,0.2,0.2,1,11,133,2.07
1/16/2020,22.1,13.1,17.4,17.23,1.2,1.2,6,15.5,269,3.31
1/17/2020,20.6,9.6,15,17.13,0,0,0,9.1,15,2.83
1/18/2020,22.1,10.8,16,18.18,0,0,0,11.6,51,3.13
1/19/2020,21.8,11.1,15.9,18.25,0,0,0,13.9,43,3.33
1/20/2020,22.5,9.6,15.9,18.24,0,0,0,11.2,90,3.15
1/21/2020,26,12.3,19.4,15.97,0.2,0.2,1,14.8,174,3.12
1/22/2020,26.4,14.6,20.6,15.07,0.6,0.6,3,14.7,18,2.9
1/23/2020,23.8,13.6,18.1,18.1,0,0,0,16.5,41,3.48
1/24/2020,25.1,10.8,17.7,18.57,0,0,0,10.4,47,3.47
1/25/2020,25.9,11.5,18.6,18.24,0,0,0,7.9,38,3.4
1/26/2020,26.7,12.7,19.8,18.28,0,0,0,9.2,104,3.46
1/27/2020,28.4,14.8,21,17.91,0,0,0,18.6,207,4.22
1/28/2020,23.9,15,19.1,15.1,0,0,0,18.3,263,3.37
1/29/2020,22.6,11.8,17.4,16.72,0,0,0,8.5,327,3.25
1/30/2020,22.4,11.6,16.8,19.06,0,0,0,12.7,55,3.65
1/31/2020,23,11.2,16.9,19.34,0,0,0,11.9,97,3.69
2/1/2020,23.8,10.8,17.2,19.4,0,0,0,13.6,57,3.94
2/2/2020,24,11.6,17.6,19.48,0,0,0,16.6,69,4.12
2/3/2020,24.9,13.4,19,17.67,0,0,0,12.2,94,3.63
2/4/2020,26.7,14.1,20.1,17.94,0.1,0.1,1,13.3,299,3.95
2/5/2020,25.1,13.3,19.1,19.32,0,0,0,15.1,66,3.71
2/6/2020,26,14.7,19.9,17.81,0,0,0,11,48,3.67
2/7/2020,25.1,13.8,19.3,18.46,0,0,0,14.5,34,3.95
2/8/2020,23.6,12.8,17.8,20.36,0,0,0,18.6,50,4.43
2/9/2020,23.3,11.5,17,20.81,0,0,0,17.7,72,4.35
2/10/2020,24.8,11.6,18.2,20.11,0,0,0,12.7,97,4.09
2/11/2020,26.5,14.6,20.4,18.19,0,0,0,12.7,118,3.83
2/12/2020,27.6,15,21.2,20.23,0,0,0,9.9,78,3.93
2/13/2020,29.2,16.5,22,20.56,0,0,0,13.4,323,4.54
2/14/2020,28.7,14.5,21.6,20.89,0,0,0,9.7,337,4.49
2/15/2020,28.3,14.2,21.4,20.41,0,0,0,8.9,49,4.28
2/16/2020,28.8,15.6,22,21.14,0,0,0,11.3,58,4.97
2/17/2020,29.5,15,22.1,21.3,0,0,0,11.9,70,5.08
2/18/2020,29.8,15,22.6,21.8,0,0,0,9.8,96,4.76
2/19/2020,30.2,17.2,24.2,20.84,0,0,0,11.8,187,5.17
2/20/2020,31.3,19.1,24.9,21.15,0,0,0,17.6,215,5.26
2/21/2020,29.9,16.8,23.5,21.34,0,0,0,8.6,315,4.52
2/22/2020,29.1,17,22.7,21.52,0,0,0,13.6,38,4.8
2/23/2020,29.7,16.4,22.6,21.34,0,0,0,14.2,26,4.78
2/24/2020,27.7,16.3,21.6,22.02,0,0,0,14.5,16,4.84
2/25/2020,27,15,21,22.28,0,0,0,14.5,26,4.83
2/26/2020,28,14.4,21.6,22.29,0,0,0,8.3,88,4.56
2/27/2020,29.4,18.3,23.8,22.05,0,0,0,7.6,200,4.57
2/28/2020,30.4,16.8,24.6,21.97,0,0,0,13.4,154,5.34
2/29/2020,31.1,18.1,23.6,18.45,2,2,1,17.7,164,4.84
3/1/2020,30.5,18.8,24.4,18.94,0,0,0,12,208,4.58
3/2/2020,30.6,18.2,24,22.75,0,0,0,9.3,303,5.19
3/3/2020,30.2,16.4,23.5,22.99,0,0,0,15.2,291,5.7
3/4/2020,29.5,17.4,23.3,22.7,0,0,0,13.9,284,5.82
3/5/2020,27.8,16.1,22.3,20.48,0,0,0,13.1,259,5.12
3/6/2020,26.3,16.5,21.5,20.46,0,0,0,24.6,249,4.96
3/7/2020,27.3,14.2,20.9,23.74,0,0,0,8.4,323,4.8
3/8/2020,28.4,15.5,21.9,23.83,0,0,0,16.5,53,5.61
3/9/2020,28.1,16.9,22.7,17.69,0,0,0,16.2,78,4.9
3/10/2020,30.8,19.9,24.5,20.7,0,0,0,23.4,230,5.46
3/11/2020,28.1,16.9,22.3,22.97,0,0,0,18.8,252,5.29
3/12/2020,28.3,15.5,21.6,24.07,0,0,0,16.1,256,5.66
3/13/2020,27.8,14.6,21.3,23.08,0,0,0,11.5,300,5.53
3/14/2020,28.2,14.8,21.5,25.21,0,0,0,15.6,357,5.92
3/15/2020,28.3,15.9,21.9,24.07,0,0,0,16.8,28,5.99
3/16/2020,30,16.8,23.1,24.43,0,0,0,14.3,50,5.84
3/17/2020,32.1,17.7,25.1,22.68,0,0,0,13.3,66,5.74
3/18/2020,33.4,20.5,26.8,21.22,0,0,0,13.1,119,5.65
3/19/2020,33.7,20.5,26.6,24.44,0,0,0,12.3,326,5.91
3/20/2020,32.8,20.4,26.3,21.66,0,0,0,16.5,245,6.17
3/21/2020,31.9,18,25.3,25.19,0,0,0,12.3,297,6.36
3/22/2020,32.7,18.8,26.4,23.19,0,0,0,8.9,339,5.31
3/23/2020,34.2,19.9,27.3,23.67,0.4,0.4,1,10.3,340,5.96
3/24/2020,34.3,21.7,27.9,20.87,0,0,0,13,9,5.72
3/25/2020,35.6,23.1,28.5,19.97,0.5,0.5,2,16,70,6
3/26/2020,32.6,21.3,26.5,19.26,0.1,0.1,1,14.6,120,4.84
3/27/2020,29,21.7,25,18.67,3.6,3.6,10,11.8,15,3.82
3/28/2020,30.5,19.8,25.7,23.08,0,0,0,8,24,4.77
3/29/2020,32.9,19.9,26.6,24.28,0,0,0,12.5,36,5.56
3/30/2020,35.3,21.6,28.2,25.1,0,0,0,14.8,118,7.06
3/31/2020,36.2,19.6,28.3,25.78,0,0,0,18,267,7.35
4/1/2020,35.6,21.3,28.7,26.03,0,0,0,14.3,297,7.51
4/2/2020,34.6,21.8,28.4,26.14,0,0,0,14.6,15,7.56
4/3/2020,34.9,22.3,28.8,25.98,0,0,0,17.1,53,7.61
4/4/2020,35.6,23.1,29.4,26.14,0,0,0,17.9,47,8.09
4/5/2020,36.2,23.4,30,25.71,0,0,0,16.5,103,7.75
4/6/2020,37.4,24.5,30.8,25.73,0,0,0,12.6,285,7.21
4/7/2020,37.4,24.5,30.4,25.62,0,0,0,18.8,296,8.48
4/8/2020,35.9,22.6,29.5,26.9,0,0,0,15.6,286,8.14
4/9/2020,36.1,22.8,30,26.34,0,0,0,13.4,332,6.71
4/10/2020,36.7,24.7,30.5,24.57,0,0,0,11.9,47,7.12
4/11/2020,37.3,21.7,30.5,23.95,0,0,0,12.3,126,6.61
4/12/2020,39,24.1,31.5,26.4,0,0,0,12.7,343,7.74
4/13/2020,38.9,24,31.9,26.2,0,0,0,10.3,335,7.4
4/14/2020,38.5,24.4,32.2,24.62,0,0,0,12.1,354,7.26
4/15/2020,39.2,27,33.2,23.84,0,0,0,15.6,332,8.41
4/16/2020,39.5,25.4,32.6,25.43,0,0,0,22.2,305,9.25
4/17/2020,39.1,26.8,32.6,23.54,0,0,0,19.2,295,8.34
4/18/2020,38.7,27,32.3,23.22,0,0,0,15.6,321,7.33
4/19/2020,37.9,27,31.8,25.8,0,0,0,20.8,291,8.63
4/20/2020,37.3,24.3,30.9,25.73,0,0,0,19.8,281,8.3
4/21/2020,36.6,22.8,30.6,25.19,0,0,0,14.6,319,7.57
4/22/2020,37.9,24.3,31.4,26.14,0,0,0,13.3,322,7.56
4/23/2020,39,24.4,32,25.65,0,0,0,20,289,8.88
4/24/2020,38.1,26.5,32.2,26.31,0,0,0,23.7,281,9.44
4/25/2020,36.7,25.4,30.9,27.54,0,0,0,26.1,274,9.43
4/26/2020,36.9,25.1,30.9,23.09,0,0,0,15,301,7.39
4/27/2020,37.4,25.5,31.5,24.38,0.3,0.3,1,16.7,339,7.34
4/28/2020,38.4,24.3,31.6,25.39,0,0,0,14.1,16,7.45
4/29/2020,39.5,24.9,32.7,25.67,0,0,0,11.9,349,7.51
4/30/2020,39.3,25.9,32.8,23.58,0,0,0,12.4,8,6.84
5/1/2020,40.1,25.3,33.2,24.81,0,0,0,20.3,313,9.16
5/2/2020,40.4,27.8,34,27.66,0,0,0,23.7,297,10.23
5/3/2020,40,26.7,33.5,26.84,0,0,0,19.2,288,9.66
5/4/2020,39.9,26.4,33.3,25.83,0,0,0,20,293,8.61
5/5/2020,39.2,26.6,33,26.57,0,0,0,20.4,322,8.53
5/6/2020,38.8,25.4,32.6,24.68,0,0,0,16.6,301,7.02
5/7/2020,39.5,26.2,33,26.9,0,0,0,12.7,250,7.89
5/8/2020,40.9,27.6,34.1,26.96,0,0,0,18.5,285,9.78
5/9/2020,40.5,27.3,34.1,25.88,0,0,0,16.3,295,8.6
5/10/2020,40.2,27.6,33.5,24.62,0.1,0.1,1,14.8,282,7.57
5/11/2020,37.8,25.6,32.5,24.21,0,0,0,15,226,6.94
5/12/2020,38.1,27.2,33,22.76,0,0,0,10.8,314,6.78
5/13/2020,39.1,27.7,33.4,23.17,0,0,0,16.5,292,7.32
5/14/2020,38.8,28.1,33.7,23.61,0,0,0,13.7,294,7.54
5/15/2020,40,29.1,34.4,25.35,0,0,0,17.9,315,9.02
5/16/2020,39.2,28.6,33.9,23.85,0,0,0,17.6,327,8.53
5/17/2020,40.8,28.2,34.5,25.96,0,0,0,20.8,304,10.02
5/18/2020,40.1,29.4,34.6,27,0,0,0,22.6,318,10.96
5/19/2020,40.3,27.7,34.3,27.91,0,0,0,19.2,326,9.93
5/20/2020,41.1,28.9,34.6,28.45,0,0,0,25.6,322,11.21
5/21/2020,40.9,25.6,33.7,28.37,0,0,0,20.3,300,10.5
5/22/2020,41,28.5,34.8,28.15,0,0,0,27,293,11.62
5/23/2020,41.4,28,34.8,27.09,0,0,0,20.3,286,10.52
5/24/2020,41.6,29.2,35.3,28,0,0,0,20.7,297,10.91
5/25/2020,41.8,28.9,35.1,27.86,0,0,0,20.7,287,10.57
5/26/2020,41.3,28.2,34.6,28.07,0,0,0,21.3,278,10.43
5/27/2020,40.8,27.5,34,27.63,0,0,0,24.1,267,10.57
5/28/2020,40.8,26.7,33.6,27.27,0,0,0,26.3,270,9.88
5/29/2020,39.7,26.4,33.1,26.11,0,0,0,20.3,267,8.83
5/30/2020,38.7,26.6,32.7,25.99,0,0,0,20.1,272,8.22
5/31/2020,38.8,27.6,33.3,24.35,0,0,0,19.4,292,8.22
6/1/2020,37.9,27.8,33.3,22.44,0,0,0,11.4,289,6.9
6/2/2020,31.5,27.7,29.5,10.81,0,0,0,15.6,225,4.04
6/3/2020,26.7,21.4,24.7,4.94,10.3,10.3,11,18.7,140,2.58
6/4/2020,28.8,20.8,24.1,13.53,20.6,20.6,14,24.6,9,3.18
6/5/2020,31.3,23.5,27,19.25,0.4,0.4,2,17.3,264,4.65
6/6/2020,31.7,22.5,26.4,19.34,4.1,4.1,9,19.2,270,4.76
6/7/2020,32.6,24.1,27,21.59,6.7,6.7,7,17.4,271,5.27
6/8/2020,32.5,24.4,27.7,20.57,1.7,1.7,4,18.1,271,5.48
6/9/2020,34,24.4,28.8,20.96,0.3,0.3,1,16.7,280,5.68
6/10/2020,33.6,25.2,29,21.54,2.8,2.8,3,16.9,290,5.54
6/11/2020,34.5,24.7,28.7,17.55,1.3,1.3,5,20.7,302,4.63
6/12/2020,33.6,25,28.6,16.94,6.5,6.5,12,19.2,286,4.26
6/13/2020,32.8,25.2,28.7,16.41,0.4,0.4,2,18.5,287,4.25
6/14/2020,33.4,25.5,28.2,16.01,7.8,7.8,12,15.3,283,3.83
6/15/2020,31.5,24.1,27,10.65,15.7,15.7,13,14.4,281,2.81
6/16/2020,32.7,25,28.8,17.96,0.2,0.2,1,18.9,275,4.58
6/17/2020,30.7,25.6,27.8,12.56,1.6,1.6,6,22,263,3.47
6/18/2020,32.3,24.7,28.5,20.58,0,0,0,19.4,262,5.37
6/19/2020,33.2,24.8,28.5,17.22,0,0,0,22.3,262,4.82
6/20/2020,31.3,24.6,28,12.63,0,0,0,20.5,271,3.91
6/21/2020,33.2,24.8,28.6,21.1,0.5,0.5,2,22.8,274,5.62
6/22/2020,33.2,24.9,28.1,20.53,1,1,4,20.5,276,5.31
6/23/2020,27.6,23.6,25.9,9.45,7.7,7.7,16,15.8,259,2.75
6/24/2020,30.3,23.7,26.6,12.98,9,9,15,11.9,287,3.04
6/25/2020,32.5,24.5,27.8,20.76,1.6,1.6,3,14.7,278,4.78
6/26/2020,32.3,25.5,27.8,17.1,5.4,5.4,3,14.8,266,4
6/27/2020,32.2,24.9,27.9,19.02,1.9,1.9,3,13.6,249,4.23
6/28/2020,31.7,24.9,28.2,19.43,0.5,0.5,2,18.6,254,4.72
6/29/2020,32.2,25.4,28.4,17.64,1,1,5,15.5,256,4.27
6/30/2020,32.6,24.6,28.5,20.27,2.1,2.1,7,7.8,227,4.46
7/1/2020,32.5,26,28.9,15.58,1.9,1.9,3,17.4,276,4.17
7/2/2020,32,25.2,28.7,16.73,0.4,0.4,1,21.8,276,4.58
7/3/2020,29.1,25.1,27.2,11.01,5.3,5.3,9,16.5,275,2.83
7/4/2020,31.3,24.2,27.4,13.77,5.9,5.9,10,13.1,270,3.28
7/5/2020,30.1,23.9,26.2,10.9,20.6,20.6,14,15.6,245,2.68
7/6/2020,26,23.3,24.3,4.29,5.3,5.3,16,11.2,206,1.2
7/7/2020,29.7,23.7,25.9,11.36,4.8,4.8,12,13.8,178,2.67
7/8/2020,30.5,23.9,27,18.18,3.6,3.6,6,14.8,211,4
7/9/2020,30.4,24.1,26.8,15.36,2.4,2.4,2,15.8,248,3.7
7/10/2020,30.3,24.3,27.1,17.75,0.8,0.8,3,23.1,249,4.39
7/11/2020,30.2,24.2,26.7,15.85,1.7,1.7,7,24,245,3.98
7/12/2020,29,24.6,26.2,10.92,1.3,1.3,4,19.5,246,2.84
7/13/2020,30.8,23.9,26.8,18.01,1.1,1.1,4,17.4,269,4.27
7/14/2020,31.1,24.6,27.4,17.07,1,1,4,14.2,281,3.85
7/15/2020,31.4,24.3,26.4,12.56,18.3,18.3,17,15.1,320,2.82
7/16/2020,29.8,23.9,26.2,11.69,10.7,10.7,17,8.9,3,2.6
7/17/2020,29.5,23.9,26.7,15.25,3.3,3.3,9,12.7,158,3.28
7/18/2020,30.8,24.3,27.5,18.74,0.8,0.8,4,9.4,212,4.22
7/19/2020,30.6,24.6,27.2,16.28,0.7,0.7,4,18.1,266,3.91
7/20/2020,30.6,24.6,27,16.57,1.8,1.8,3,17.4,255,3.84
7/21/2020,30.4,24,27.1,20.3,1.1,1.1,4,16.2,245,4.49
7/22/2020,31.4,24.2,27.7,22.72,0,0,0,17.7,267,5.17
7/23/2020,30.2,24.1,26.9,16.01,0.5,0.5,2,14.8,265,3.68
7/24/2020,30,23.2,26.1,14.18,11.7,11.7,12,15.3,270,3.19
7/25/2020,29.4,23,25.6,13.95,9.4,9.4,11,8.4,238,3.04
7/26/2020,30.2,23.4,26.4,17.51,1.6,1.6,7,10,240,3.75
7/27/2020,30.3,24.2,27.2,18.76,1.1,1.1,5,13.1,271,4.31
7/28/2020,30.8,24.2,26.9,18.07,4.4,4.4,7,16.3,276,4.13
7/29/2020,29.6,24.5,26.2,11.07,6.7,6.7,10,14.4,265,2.5
7/30/2020,29.3,24,26.3,12.11,8.8,8.8,10,6.5,253,2.66
7/31/2020,30.6,23.6,26.7,16.22,3.9,3.9,4,8.2,260,3.57
8/1/2020,31.4,23.9,27.3,18.23,1,1,4,10.4,268,3.89
8/2/2020,31.9,24.9,28,19.77,0.4,0.4,2,11,292,4.37
8/3/2020,29,25,26.6,11.62,4.1,4.1,12,13.6,261,2.66
8/4/2020,29.6,24.1,26.7,12.86,0,0,0,10.6,231,2.85
8/5/2020,29.6,24.3,26,10.04,15.7,15.7,22,12.3,328,2.21
8/6/2020,27.7,24.4,25.8,8.81,3.9,3.9,9,14.7,161,2.07
8/7/2020,26.4,23.5,24.9,5.63,15.8,15.8,16,16.5,188,1.33
8/8/2020,28.2,23.5,25.4,11.97,5.5,5.5,14,20.3,249,2.78
8/9/2020,26.9,23.3,24.5,7.75,23.3,23.3,22,19.2,266,1.75
8/10/2020,28.3,23.5,25.4,9.22,1.4,1.4,5,21.9,278,2.31
8/11/2020,26.9,24.1,25.2,6.68,1.7,1.7,8,20.2,268,1.89
8/12/2020,26.1,23.5,24.1,3.24,44.8,44.8,21,20.7,256,0.87
8/13/2020,23.7,22.7,23.2,1.49,86.3,86.3,24,21.5,251,0.55
8/14/2020,26.2,22.7,24.1,8.83,12.6,12.6,15,28.7,254,1.75
8/15/2020,24.4,23.2,23.8,3.64,4.3,4.3,12,21.3,244,0.79
8/16/2020,25.6,23,24,4.27,0.8,0.8,4,16,254,1.03
8/17/2020,25.7,23.2,24.2,4.63,11.2,11.2,15,15.9,255,1.03
8/18/2020,24.7,22.9,23.6,3.38,24.3,24.3,24,19.4,259,0.87
8/19/2020,25.2,22.9,23.8,5.83,5.2,5.2,21,20.5,265,1.38
8/20/2020,26.5,23,24.1,6.67,15.6,15.6,13,16.1,279,1.52
8/21/2020,26.7,23.2,24.4,8.33,11.6,11.6,16,17.8,269,1.77
8/22/2020,24.4,22.8,23.2,2.81,266.7,266.7,24,27.7,248,0.56
8/23/2020,25.6,22.7,23.3,7.17,39.8,39.8,24,26,225,1.23
8/24/2020,28.3,22.5,24.6,14.97,5,5,14,26.1,218,3.05
8/25/2020,28.2,22.8,25,17.48,1.2,1.2,6,25.8,237,3.59
8/26/2020,28.2,22.6,25.1,16.03,1.1,1.1,5,18.6,265,3.37
8/27/2020,27.2,23,24.7,11.15,2.4,2.4,10,18.3,282,2.69
8/28/2020,25.3,23,23.9,7.19,5.6,5.6,14,16.8,276,1.65
8/29/2020,24.7,22.5,23.4,5.07,18.5,18.5,23,20.9,264,1.05
8/30/2020,25.2,22.2,23.3,6.98,22.7,22.7,16,24.7,222,1.4
8/31/2020,28.2,22.5,24.9,16.36,1.1,1.1,6,24.4,215,3.32
9/1/2020,28.7,22.4,25.1,17.11,0.1,0.1,1,16.5,264,3.67
9/2/2020,28.8,21.2,24.7,15.96,1.2,1.2,6,12.6,305,3.38
9/3/2020,29.8,22.9,25.7,17.16,2.1,2.1,5,8.6,311,3.61
9/4/2020,30.1,22.1,25.9,19.32,0,0,0,9.7,269,4.18
9/5/2020,30.8,22.4,26.5,21.85,0,0,0,11.2,285,4.76
9/6/2020,30.7,22.2,26.4,20.22,0.9,0.9,4,11.2,277,4.4
9/7/2020,29.8,22.3,26.2,19.86,0,0,0,13.6,281,4.38
9/8/2020,30.1,23.2,26.5,19.54,0.8,0.8,4,11.6,296,4.21
9/9/2020,31.1,23.4,26.8,20.17,0.6,0.6,3,8.1,305,4.31
9/10/2020,30.4,24.1,26.8,16.63,3.4,3.4,7,7.3,299,3.59
9/11/2020,29,23.5,25.2,11.34,18.9,18.9,18,9,277,2.47
9/12/2020,30.1,23.2,25.9,17.95,3.4,3.4,7,9.5,93,3.76
9/13/2020,30.4,23.6,26.6,16.32,12.1,12.1,9,11.9,251,3.52
9/14/2020,30,22.9,25.5,13.5,6,6,9,12.1,286,2.86
9/15/2020,29.2,23.1,25.5,12.96,9.9,9.9,8,14.3,296,2.71
9/16/2020,29.9,23.4,26,14.77,3.2,3.2,5,15.9,301,3.18
9/17/2020,30.6,23.9,26.6,15.94,3.5,3.5,6,13.8,300,3.58
9/18/2020,29.7,24,26,13.94,5.2,5.2,6,17.7,302,2.97
9/19/2020,31.1,23.7,26.6,16.02,2.5,2.5,5,14,323,3.41
9/20/2020,31.1,23.5,26.6,15.52,4.7,4.7,13,14.8,329,3.36
9/21/2020,31,24.4,27.2,17.77,3.9,3.9,6,12.8,349,3.89
9/22/2020,30.9,23.9,26.5,17.24,15.2,15.2,16,9.3,346,3.7
9/23/2020,26.4,23.9,25,4.6,15.1,15.1,17,14.8,293,0.99
9/24/2020,29.5,23.6,25.8,12.56,0.7,0.7,4,20,288,2.91
9/25/2020,30,22.9,26.1,17.19,0.1,0.1,1,18.3,285,3.79
9/26/2020,27.6,22.9,24.7,13.32,6.1,6.1,5,13.8,276,2.77
9/27/2020,28.6,21.2,24.5,20.46,0,0,0,15.8,295,4.31
9/28/2020,28.7,21.1,24.6,20.03,0.1,0.1,1,10.5,307,4.21
9/29/2020,29.2,20.9,24.5,19.92,0.6,0.6,2,12.5,314,4.06
9/30/2020,29.8,21.6,25.3,19.26,0.3,0.3,2,8.7,311,3.96
10/1/2020,30.4,22.2,25.8,19.27,0,0,0,13.8,310,4.45
10/2/2020,31.5,22,26.2,21.87,0,0,0,15.1,322,5.07
10/3/2020,31.7,21.8,26.2,22.07,0,0,0,13,327,5.15
10/4/2020,31.1,21.7,25.9,20.02,0,0,0,15.5,322,5.03
10/5/2020,31,21.5,25.8,20.9,0,0,0,16.2,317,5.05
10/6/2020,31.4,18.9,24.9,21.92,0,0,0,12.1,347,5.22
10/7/2020,31.6,18.6,25.1,22.01,0,0,0,13.1,5,5.45
10/8/2020,30.7,19.4,25.3,20.46,0,0,0,9.7,30,4.85
10/9/2020,31.5,21,25.9,19.98,0,0,0,13.6,39,5.26
10/10/2020,31.9,20.4,25.9,20.16,0,0,0,10.1,25,4.99
10/11/2020,31.2,21.5,25.8,17.1,0,0,0,15.1,25,4.52
10/12/2020,31.8,21.4,26.6,19.08,0,0,0,11.6,47,4.52
10/13/2020,31.1,20.7,26.8,17.63,0,0,0,11.9,63,3.98
10/14/2020,32.4,24.6,28,17.44,0,0,0,17.2,61,4.68
10/15/2020,30.5,24.3,27.3,15.5,0,0,0,24.8,78,4.47
10/16/2020,30.8,24.2,27.1,15.58,0.3,0.3,2,15.9,95,3.82
10/17/2020,30.6,23.6,26.8,17.15,0.5,0.5,4,13.8,117,3.79
10/18/2020,31.5,23.8,27.2,16.39,0.8,0.8,4,7.3,196,3.59
10/19/2020,31.2,23,26.7,16.03,4,4,3,7.7,12,3.5
10/20/2020,30.7,23.4,26.2,15.1,7.2,7.2,12,8.9,345,3.27
10/21/2020,30.9,22.8,26.2,14.58,0.6,0.6,2,6.3,17,3.11
10/22/2020,30.4,22.6,26,16.3,0.4,0.4,2,7.1,297,3.44
10/23/2020,31.1,20.8,25.6,18.56,0,0,0,8.2,274,4.1
10/24/2020,31,19.2,24.7,20.53,0,0,0,11.6,272,5.14
10/25/2020,30.8,17.6,23.9,20.46,0,0,0,11.2,286,5.09
10/26/2020,31,19.1,24.4,20.49,0,0,0,11.9,342,5
10/27/2020,30.5,16.9,23.6,20.39,0,0,0,12,22,4.53
10/28/2020,30,16.1,23.2,20.19,0,0,0,8.9,308,4.5
10/29/2020,29.7,17.4,23.7,19.78,0,0,0,8.4,215,4.39
10/30/2020,30,18.1,24.4,19.16,0,0,0,7.6,21,3.99
10/31/2020,29.5,19.9,24,17.15,0,0,0,15.8,46,4.62
11/1/2020,29.5,18,23.6,19.54,0,0,0,13.5,47,4.99
11/2/2020,29.9,16.8,23.1,19.49,0,0,0,10.8,52,4.67
11/3/2020,29.8,15.7,22.7,19.62,0,0,0,9.5,34,4.39
11/4/2020,30,15.5,22.4,19.56,0,0,0,10.5,294,4.76
11/5/2020,29.3,14.6,21.9,19.71,0,0,0,9.3,200,4.66
11/6/2020,29.1,16,22.5,19.5,0,0,0,10.2,118,4.58
11/7/2020,28.8,15.2,22,19.48,0,0,0,13,89,4.87
11/8/2020,28.6,14.7,21.5,19.41,0,0,0,14.2,89,4.79
11/9/2020,28.4,14.7,21.5,19.16,0,0,0,10.3,76,4.46
11/10/2020,27.8,14,21,19.21,0,0,0,11.6,69,4.56
11/11/2020,27.2,13.7,20.7,19.06,0,0,0,10.7,67,4.44
11/12/2020,27.9,15,21.2,18.64,0,0,0,13.7,73,4.27
11/13/2020,29.3,17.1,23,16.01,0,0,0,10.9,73,3.64
11/14/2020,29.4,19.9,24.3,15.24,0,0,0,14.1,104,3.72
11/15/2020,30,19.9,24.8,14.35,0,0,0,16.2,166,3.84
11/16/2020,30.4,19.8,25.2,15.61,0,0,0,7.1,71,3.36
11/17/2020,29.9,19.8,25,14.44,0,0,0,8.8,124,3.29
11/18/2020,29.5,19.4,24.6,13.51,0.2,0.2,2,17.6,228,3.33
11/19/2020,29.4,19.3,23.9,14.5,0,0,0,17,280,3.65
11/20/2020,27.4,17.5,22.1,17.36,0,0,0,17.7,29,3.85
11/21/2020,26.1,15.9,20.4,17.95,0,0,0,14.2,42,4.24
11/22/2020,26.4,13.6,19.8,17.96,0,0,0,11.6,75,3.87
11/23/2020,28.1,14.9,21.4,17.53,0,0,0,10.8,138,4.09
11/24/2020,28.4,15.8,22.1,17.01,0,0,0,10.7,143,3.78
11/25/2020,27.7,17.7,22.4,15.9,0,0,0,16.1,122,4.05
11/26/2020,28.1,16.8,22.2,15.2,0,0,0,17.8,62,4.08
11/27/2020,26.1,15.8,20.4,17.49,0,0,0,19.6,45,4.56
11/28/2020,26.3,14.9,20.1,17.17,0,0,0,17.6,53,4.06
11/29/2020,28,16.2,21.8,16.56,0,0,0,12.2,78,3.88
11/30/2020,29.1,17.7,23.1,16.23,0,0,0,9.8,72,3.57
12/1/2020,29.3,17.2,22.8,16.98,0,0,0,8.9,54,4.03
12/2/2020,28.7,14.6,21.5,17.18,0,0,0,8.9,49,3.95
12/3/2020,28.4,14,21.1,17.18,0,0,0,9.2,94,3.86
12/4/2020,28.8,15.8,22,17.16,0,0,0,8.7,123,3.76
12/5/2020,29,18.3,23.5,17.11,0,0,0,9.3,165,3.93
12/6/2020,28.9,18.1,23.7,17.09,0,0,0,8.5,119,3.82
12/7/2020,29,18.8,23.2,16.89,0,0,0,8.1,102,3.61
12/8/2020,28.6,15,22,16.78,0,0,0,10,116,3.78
12/9/2020,28.4,15.5,22.5,16.62,0,0,0,9.2,122,3.71
12/10/2020,28.1,16.5,22.3,13.98,0,0,0,8.7,120,3.49
12/11/2020,24.4,17.7,19.8,6.36,16.8,16.8,14,12.3,82,1.52
12/12/2020,22.2,17,19,9.21,7.3,7.3,19,8.8,146,1.67
12/13/2020,21.8,16.8,19.2,9.29,0.9,0.9,2,8.9,129,1.74
12/14/2020,22.6,16.9,19.2,8.48,1.7,1.7,9,9.5,110,1.52
12/15/2020,23.6,17,19.7,10,1,1,5,10.7,77,1.81
12/16/2020,22.9,16.6,19.1,10.03,1.1,1.1,6,12.5,45,1.83
12/17/2020,22.7,13.5,17.6,15.89,0,0,0,12.8,46,2.74
12/18/2020,22.6,10.9,16.3,16.75,0,0,0,10,49,2.96
12/19/2020,23,9.8,15.9,17.31,0,0,0,10.7,64,3.33
12/20/2020,23.3,9.3,15.9,16.53,0,0,0,11.2,73,3.4
12/21/2020,24,9.2,16.2,17.11,0,0,0,10.1,86,3.55
12/22/2020,24.5,9.5,16.6,17.15,0,0,0,9.8,109,3.56
12/23/2020,24.8,10.5,17.3,16.95,0,0,0,10.2,126,3.67
12/24/2020,25.3,10.8,17.8,16.78,0,0,0,10.5,99,3.53
12/25/2020,24.9,13.2,18.4,16.82,0,0,0,15.9,89,3.74
12/26/2020,25.8,11.8,18.7,16.69,0,0,0,11,122,3.62
12/27/2020,27,13.1,19.7,16.39,0,0,0,15.2,215,3.69
12/28/2020,22.8,12,16.8,17.37,0,0,0,13.7,17,3.73
12/29/2020,22.2,9.4,15.4,16.91,0,0,0,13.8,44,3.67
12/30/2020,23,11.9,16.7,15.9,0,0,0,14.8,51,3.28
12/31/2020,24.6,12.1,17.8,16.55,0,0,0,14.3,90,3.23
1/1/2021,26.1,14.1,19.9,16.38,0,0,0,16.4,123,3.39
1/2/2021,27.3,17.1,21.9,15.46,0.8,0.8,3,17.3,157,3.51
1/3/2021,27.3,17.8,22.3,14.9,1.3,1.3,6,16.2,159,3.11
1/4/2021,22.5,18,19.8,8.65,4.2,4.2,13,15.5,112,1.88
1/5/2021,25.2,17.3,20.7,11.44,0.7,0.7,5,17.4,151,2.58
1/6/2021,26.8,17.2,21.5,15.87,0,0,0,7.6,48,2.97
1/7/2021,26.5,16.8,21.4,13,0,0,0,13,68,2.53
1/8/2021,27.3,18.7,22.4,13.42,0,0,0,12,116,2.86
1/9/2021,24.1,19.3,21.1,7.08,6.1,6.1,12,6.6,87,1.38
1/10/2021,26.1,17.4,21.2,13.88,0.1,0.1,1,13.5,49,2.51
1/11/2021,26.9,16.7,21.4,15.47,0.1,0.1,1,10,53,2.78
1/12/2021,25.3,15.3,19.6,16.92,0,0,0,12,37,3.07
1/13/2021,23.9,10.7,16.9,18.32,0,0,0,8.9,51,3.5
1/14/2021,24.8,9.4,16.8,18.42,0,0,0,10.6,81,3.79
1/15/2021,26.6,11.2,18.9,17.16,0,0,0,10.9,117,3.8
1/16/2021,27.4,15.8,21.2,16.87,0,0,0,12.3,117,3.83
1/17/2021,28.6,18.3,22.9,16.26,0,0,0,16,134,4.09
1/18/2021,28.2,19.8,23.4,12.9,0,0,0,14,186,3.26
1/19/2021,29,16.1,22,17.72,0,0,0,13.8,312,3.83
1/20/2021,26.7,13.5,20,18.26,0,0,0,9.2,41,3.61
1/21/2021,27.2,12.6,20,18.8,0,0,0,9.4,75,4.05
1/22/2021,27.6,12,20.1,18.99,0,0,0,11.3,137,4.4
1/23/2021,28.9,14.3,21.4,18.64,0,0,0,15.5,260,4.27
1/24/2021,26.6,12.3,19.4,18.79,0,0,0,12.2,349,3.85
1/25/2021,24.7,12.2,18.2,18.93,0,0,0,13.8,36,4.04
1/26/2021,24.6,11.2,17.6,19.08,0,0,0,13,37,3.97
1/27/2021,24.1,10.3,16.9,19.48,0,0,0,13,47,3.89
1/28/2021,25.1,10.5,17.4,19.2,0,0,0,14.5,34,4.07
1/29/2021,23.3,10.3,16.4,19.89,0,0,0,14.4,40,4.16
1/30/2021,24.1,9,16.3,20.2,0,0,0,13.5,62,4.23
1/31/2021,25.3,10,17.6,19.88,0,0,0,10.9,77,4.11
2/1/2021,26.7,11,18.8,19.79,0,0,0,10.1,87,4.38
2/2/2021,28.3,12.5,20.2,19.91,0,0,0,9.7,159,4.65
2/3/2021,28.8,14.5,22.2,18.46,0,0,0,13.4,195,4.5
2/4/2021,28.2,15.9,22.1,16,0,0,0,12,241,3.74
2/5/2021,25.9,16.1,20.2,17.23,0,0,0,14.7,8,4.27
2/6/2021,24.5,13.2,18.5,20.7,0,0,0,17.3,41,4.8
2/7/2021,24.7,11.3,17.7,20.81,0,0,0,14.2,57,4.44
2/8/2021,26.1,10.6,18.3,20.83,0,0,0,12.4,76,4.38
2/9/2021,27.9,13.4,20.4,20.52,0,0,0,8.9,120,4.2
2/10/2021,29,15.9,22.2,20.04,0,0,0,9.8,260,4.44
2/11/2021,28.9,13.7,21.3,19.71,0,0,0,12.2,70,4.51
2/12/2021,29.8,15,22.4,20.69,0,0,0,12.4,80,4.97
2/13/2021,30.3,15.3,23,20.6,0,0,0,10.8,139,4.97
2/14/2021,30.1,17.3,23.6,19.34,0,0,0,9.2,322,4.51
2/15/2021,29.7,16.1,23.2,19.13,0.1,0.1,1,12,292,4.73
2/16/2021,28.7,17.1,22.3,17.59,0.7,0.7,4,13.1,293,4.17
2/17/2021,27.9,15.4,21.7,20.35,0,0,0,9.3,57,4.54
2/18/2021,27.3,15.1,21.4,18.25,0,0,0,10.5,84,4.07
2/19/2021,27,14.5,20.9,20.38,0,0,0,14.7,69,4.89
2/20/2021,27.5,16.3,21.4,21.92,0,0,0,19.7,67,5.71
2/21/2021,28.4,15.4,21.7,21.82,0,0,0,14.8,72,5.28
2/22/2021,29.9,15.3,22.6,21.94,0,0,0,9.4,62,4.97
2/23/2021,30.9,16.7,23.5,22.08,0,0,0,8.9,337,5
2/24/2021,31.8,15.6,23.8,22.19,0,0,0,9.1,293,5.36
2/25/2021,32.8,16.7,24.7,21.91,0,0,0,17.6,286,5.87
2/26/2021,32.4,16.6,24.6,22.58,0,0,0,14.7,296,5.89
2/27/2021,33.5,18.6,25.8,21.01,0,0,0,15.2,293,6.05
2/28/2021,33.2,19.2,26,22.39,0,0,0,10.8,292,5.82
3/1/2021,33.8,20.1,26.2,23.09,0,0,0,19.6,308,6.66
3/2/2021,32.5,15.4,24.2,23.68,0,0,0,11.5,26,5.67
3/3/2021,32.7,16,24.5,23.77,0,0,0,9,90,5.35
3/4/2021,34.2,20.3,26.1,23.93,0,0,0,15.9,246,6.46
3/5/2021,33.7,18.7,25.9,23.69,0,0,0,14.7,339,6.74
3/6/2021,34.2,21,26.9,23.92,0,0,0,9.4,270,6.02
3/7/2021,34.5,18.6,26.5,23.64,0,0,0,17.7,257,6.74
3/8/2021,34.9,18.6,26.8,24.06,0,0,0,14.3,275,7.01
3/9/2021,35,19.4,27.3,22.63,0,0,0,15.2,304,6.59
3/10/2021,34.5,20.7,27.4,23.47,0,0,0,14,311,6.67
3/11/2021,33.5,19.9,27.1,20.78,0,0,0,8.6,341,5.37
3/12/2021,33.3,20.1,25,19.68,1.6,1.6,3,13.7,81,5.04
3/13/2021,31.8,17.8,24.7,24.14,0,0,0,12.3,116,5.21
3/14/2021,32.6,19.5,26.4,20.94,0,0,0,12.3,94,5
3/15/2021,33.1,20.2,26.7,17.61,0.3,0.3,1,10.4,101,4.92
3/16/2021,34.2,22.2,27.9,21.22,0,0,0,8.7,116,5.35
3/17/2021,33.8,23.5,28.4,20.28,0,0,0,9.3,93,5.27
3/18/2021,33.8,21.6,27.4,20.22,0.9,0.9,1,8.7,71,5.22
3/19/2021,32.6,21.1,25.8,21.01,2,2,4,12.2,139,4.93
3/20/2021,33,19.2,26.6,23.49,0.2,0.2,1,10.8,209,5.44
3/21/2021,33.4,19.6,26.5,24.29,0,0,0,11.2,227,6.23
3/22/2021,33.8,19.9,26.8,24.29,0,0,0,15.1,234,6.27
3/23/2021,32.7,19,26.1,22.99,0.1,0.1,1,11.5,190,5.81
3/24/2021,33.5,18.3,26.5,24.15,0,0,0,10.4,281,6
3/25/2021,33.4,20.5,26.7,25.8,0,0,0,17.9,11,7.44
3/26/2021,33.5,19.5,26.5,26.26,0,0,0,13.1,36,7.28
3/27/2021,35.8,23.8,29.2,25.89,0,0,0,9.7,323,6.41
3/28/2021,37.8,20.7,29.5,26.07,0,0,0,11.6,315,7.47
3/29/2021,38.4,22.1,30.1,26.23,0,0,0,15.9,288,8.39
3/30/2021,37.7,23.4,30.1,26.8,0,0,0,27.4,280,10.05
3/31/2021,37.7,23.4,30.5,26.2,0,0,0,22.8,287,9.28
4/1/2021,36.7,22.5,29.5,26.99,0,0,0,15.5,311,7.44
4/2/2021,36.9,21.4,29.1,27.15,0,0,0,13.2,304,8.04
4/3/2021,37,20.9,29.4,26.92,0,0,0,12,315,7.93
4/4/2021,37.4,21.9,29.8,26.81,0,0,0,9.7,330,7.3
4/5/2021,38.1,22.2,30.6,26.13,0,0,0,11.8,298,7.38
4/6/2021,39,24.7,31.7,25.9,0,0,0,18.4,280,8.62
4/7/2021,38.8,24.6,31.6,26.56,0,0,0,17.4,298,8.93
4/8/2021,37.8,24.5,31.1,26.72,0,0,0,17.5,314,8.94
4/9/2021,37,25,30.8,26.58,0,0,0,14,317,7.58
4/10/2021,38,22.4,30.2,24.33,0,0,0,11.7,339,7.2
4/11/2021,37.6,23.7,30.6,24.73,0,0,0,18.7,260,8.27
4/12/2021,37.3,23.5,30.8,26.64,0,0,0,10.2,48,7.2
4/13/2021,37.8,23.2,31.2,24.64,0,0,0,11,28,6.94
4/14/2021,36.9,23.8,30.1,21.13,0,0,0,17.7,330,6.96
4/15/2021,35.8,22.5,29.7,25,0,0,0,9.6,303,6.72
4/16/2021,36.9,22.5,30.1,25.12,0,0,0,16.3,285,8.17
4/17/2021,37.3,23.8,30.6,25.68,0,0,0,19.4,293,8.47
4/18/2021,37.5,24.2,30.9,26.93,0,0,0,14.8,351,8.06
4/19/2021,37.9,24.5,31.6,24.89,0,0,0,15.8,294,8.04
4/20/2021,38.3,25.5,31.9,26.34,0,0,0,20.7,280,9.33
4/21/2021,36.6,25.5,30.4,21.94,0.1,0.1,1,18.9,290,7.75
4/22/2021,36.5,22.2,30.1,27.75,0,0,0,11.3,312,7.05
4/23/2021,37.7,21.8,30.3,26.91,0,0,0,17.9,274,8.5
4/24/2021,36.9,24.1,30.7,23.49,0,0,0,13.2,304,7.43
4/25/2021,37.5,24.7,31.2,26.15,0,0,0,17.7,30,8.19
4/26/2021,38.4,22.4,31.4,27.72,0,0,0,8.9,48,7.09
4/27/2021,39.1,22.3,31.3,26.66,0,0,0,9.4,331,6.99
4/28/2021,39.5,25.9,32.4,26.02,0,0,0,18.4,321,8.4
4/29/2021,39.6,26.1,32.7,25.62,0,0,0,18.4,321,8.48
4/30/2021,39.7,26.3,32.9,26,0,0,0,17.7,304,8.63
5/1/2021,37.6,27,31.2,18.43,0.5,0.5,2,19.9,282,7.21
5/2/2021,36.9,25.4,30.8,23.09,0.4,0.4,1,11.9,270,6.18
5/3/2021,36.8,23.9,30.5,24.44,0,0,0,16.7,283,6.78
5/4/2021,36.9,23.1,30.7,23.49,0,0,0,19.4,286,7.78
5/5/2021,38.5,24.6,31.9,26.89,0,0,0,16.9,299,8.97
5/6/2021,37.8,26,32.3,23.71,0,0,0,14.9,282,8.13
5/7/2021,39.1,26.6,32.9,27.3,0,0,0,17.5,299,8.76
5/8/2021,39.2,27,33.2,24.61,0,0,0,13.2,284,8.01
5/9/2021,38.8,27.9,33.3,22.57,0,0,0,17.6,275,7.48
5/10/2021,38.1,27.5,32.7,23.93,0,0,0,19.2,285,7.89
5/11/2021,38.3,25.8,32,25.76,0,0,0,20.7,288,8.99
5/12/2021,37.7,25.3,31.3,25.79,0,0,0,21.2,283,8.57
5/13/2021,37.7,25.5,31.5,26.34,0,0,0,16.8,280,8.47
5/14/2021,38.5,24.9,32.1,25.81,0,0,0,10.7,283,7.61
5/15/2021,38.4,27,32.9,21.53,0,0,0,10.9,117,6.54
5/16/2021,39.2,30,33.3,23.36,0,0,0,24.1,128,8.18
5/17/2021,35.1,23.9,28.4,20.3,7.6,7.6,10,24.6,99,5.62
5/18/2021,34.3,26.2,29.5,13.96,0.5,0.5,3,23.9,148,4.98
5/19/2021,31.2,24.5,27.9,19.24,1,1,6,32.8,224,6.06
5/20/2021,33.9,23.5,28,26.11,0,0,0,22.9,291,7.27
5/21/2021,36.9,23.3,30.1,24.67,0,0,0,15.5,292,7.31
5/22/2021,37.2,24.2,30.7,24.28,0,0,0,15.3,309,7.35
5/23/2021,37,24.2,30.7,25.26,0,0,0,22.7,301,7.78
5/24/2021,37.8,25.1,31.2,26.12,0,0,0,19,323,8.51
5/25/2021,39,26.3,32.4,25.69,0,0,0,20.4,316,9.23
5/26/2021,37.5,26.3,32.2,22.96,0,0,0,22.3,297,8.43
5/27/2021,38.2,25.7,31.6,22.51,0.1,0.1,1,20.6,286,7.71
5/28/2021,37.6,25.4,32.1,22.37,0.1,0.1,1,20.7,282,7.11
5/29/2021,38.7,27,31.7,22.54,1.7,1.7,2,18.8,283,6.64
5/30/2021,38.1,26.6,32.3,24.67,0.7,0.7,1,15.9,278,7.04
5/31/2021,38.4,25.8,32.1,24.5,0,0,0,16.9,270,7.45
6/1/2021,38.1,25.1,31.8,25.61,0,0,0,16.9,268,7.26
6/2/2021,38.2,25,31.7,26.12,0,0,0,14.9,290,7.2
6/3/2021,37.7,25.7,31.6,25.61,0.6,0.6,1,13.5,264,6.89
6/4/2021,34.7,25.1,29.1,20.76,4.4,4.4,5,12.1,279,5.34
6/5/2021,31.3,25.4,28.4,12.63,0,0,0,11.5,261,3.55
6/6/2021,33.4,23.8,27.7,18.39,7.1,7.1,12,9.7,265,4.24
6/7/2021,32.8,23.7,27.3,14.76,11.7,11.7,14,14.1,267,4.03
6/8/2021,34.3,24.4,29.1,23.12,0.4,0.4,1,18,267,5.99
6/9/2021,34.4,25.1,29.4,22.09,0.5,0.5,1,22.4,266,5.87
6/10/2021,34.3,24.9,29.3,21.47,0.2,0.2,1,25,269,6.23
6/11/2021,34.7,25.2,29.5,21.43,0.3,0.3,1,25.6,271,6.29
6/12/2021,34.7,24.8,29.5,18.87,0,0,0,24.9,272,5.5
6/13/2021,35.6,25.4,30.2,22.5,0.2,0.2,1,25.1,277,6.55
6/14/2021,35,25.1,29.9,21.32,0.4,0.4,3,26.3,280,6.29
6/15/2021,35,25.1,29.6,21.31,0.4,0.4,1,26.6,262,6.22
6/16/2021,34.2,24.6,29.3,21.22,0,0,0,20.7,252,6.11
6/17/2021,33.9,25,28.8,19.86,3,3,3,17.4,255,5.07
6/18/2021,32.7,23.6,27,15.81,1.3,1.3,6,21.4,252,4.29
6/19/2021,32.1,23.7,26.9,15.38,3.4,3.4,9,25.7,255,4.58
6/20/2021,26,23.7,24.4,7.3,18.4,18.4,15,21.3,249,1.97
6/21/2021,28.8,23.3,25.6,14.34,4.7,4.7,7,18.7,272,3.26
6/22/2021,30.4,23.5,26.4,16.8,1.4,1.4,4,18.9,283,3.85
6/23/2021,29.2,23.8,26.3,15.6,2.5,2.5,9,20,282,3.67
6/24/2021,29.4,22.8,25.1,13.22,9.5,9.5,15,20.6,271,3.03
6/25/2021,30.6,22.8,26.1,16.1,5.7,5.7,4,19.1,277,3.8
6/26/2021,30.7,23.7,26.7,15.98,0.7,0.7,4,16.1,285,3.69
6/27/2021,31.5,23.7,27,17.57,4.3,4.3,7,14.7,302,4.07
6/28/2021,33.2,23.9,27.4,21.32,5.5,5.5,7,19.4,294,4.74
6/29/2021,32.7,24.4,28.3,21.78,0.3,0.3,1,19.8,278,5.07
6/30/2021,31.9,24.8,28,18.12,0.4,0.4,2,21.6,267,4.62
7/1/2021,30.7,24.6,27.6,17.19,0.5,0.5,3,22.7,252,4.79
7/2/2021,30.8,23.9,27.3,16.57,0,0,0,21.7,256,5.03
7/3/2021,32.5,23.6,27.7,22.97,0,0,0,19.8,262,6.27
7/4/2021,31.6,23.9,27.8,21.37,0.1,0.1,1,21.6,277,5.64
7/5/2021,31.3,23.9,27.6,19.84,0.4,0.4,3,18.3,288,4.91
7/6/2021,32.3,24.9,28.6,21.25,0,0,0,14.1,287,5.33
7/7/2021,33.5,25.4,29.2,22.79,0.2,0.2,1,18.1,282,6.19
7/8/2021,32.3,25.3,28.9,20.31,0,0,0,18,270,5.31
7/9/2021,31.5,24.5,27.5,12.25,2.3,2.3,6,11.5,298,3.15
7/10/2021,32.6,24.7,28,14.37,5.3,5.3,8,14.8,289,3.69
7/11/2021,30.3,24,26.9,13.49,11.4,11.4,13,14.7,316,3.06
7/12/2021,32,24.1,27.8,21.01,1.3,1.3,9,17.7,117,4.77
7/13/2021,31.4,24.4,27.6,19.11,8.7,8.7,10,12.5,140,4.17
7/14/2021,31.8,24.1,27.5,17.06,2.5,2.5,4,12.2,308,3.69
7/15/2021,31.3,24.6,27.7,20.16,1.3,1.3,5,12.6,88,4.43
7/16/2021,31.2,25.1,27.9,19.39,0.7,0.7,3,15.3,145,4.47
7/17/2021,31.2,24.7,28.1,18.23,1.7,1.7,9,8.9,221,4.14
7/18/2021,32,25.5,28,17.39,1,1,2,13.8,263,3.82
7/19/2021,28.9,23.7,25.7,9.27,4.8,4.8,12,16.6,264,2.4
7/20/2021,28.7,23.4,25.6,12.06,5.4,5.4,14,26.8,256,2.97
7/21/2021,27.9,23.5,25.2,7.71,3.4,3.4,12,21.9,271,2.02
7/22/2021,29,23.8,26.2,9.66,1.3,1.3,5,25,280,2.58
7/23/2021,26.8,23.7,24.8,5.91,17.1,17.1,22,21.7,275,1.44
7/24/2021,24.7,23.2,23.8,3.62,9.8,9.8,17,17.3,276,0.94
7/25/2021,23.7,22.6,23.2,0.94,197.4,197.4,24,34.2,262,0.37
7/26/2021,24.9,23,23.5,4.17,22.4,22.4,19,24.9,258,0.99
7/27/2021,23.5,22.4,22.9,2.96,24.2,24.2,24,22,253,0.75
7/28/2021,25.7,22.7,23.7,8.67,3,3,11,29.4,248,1.9
7/29/2021,24,22.5,23.2,4.5,7.2,7.2,21,22.8,251,1.04
7/30/2021,27.2,22.6,24.5,11.03,4.7,4.7,13,27.7,263,2.2
7/31/2021,25.9,22.8,24.3,7.61,0.7,0.7,5,31.3,265,1.79
8/1/2021,25.9,22.8,24.2,8.6,3.6,3.6,6,33.6,268,2.09
8/2/2021,23.7,22,22.9,3.74,13.2,13.2,15,30.6,267,0.96
8/3/2021,24.9,22.4,23.5,6.15,7.8,7.8,20,26.5,259,1.5
8/4/2021,27.1,22.5,24.1,8.63,4.3,4.3,11,29.2,256,2.02
8/5/2021,26.4,22.6,24,7.77,19.8,19.8,18,24.5,267,1.69
8/6/2021,23.6,22.6,23,2.56,23.9,23.9,19,18.5,275,0.81
8/7/2021,24.2,22.4,23,3.55,29.8,29.8,18,16.8,278,0.87
8/8/2021,27.8,22.3,24.3,9.51,10.8,10.8,10,17.3,270,2.09
8/9/2021,27.8,23.2,25,10.36,6.6,6.6,16,17.1,276,2.23
8/10/2021,28.3,22.8,25.3,14.58,0.8,0.8,6,18.4,269,3.39
8/11/2021,28.1,22.7,25,16.93,2.1,2.1,9,19.4,270,3.42
8/12/2021,28.3,22.2,24.9,17.99,0.9,0.9,3,15.7,265,3.6
8/13/2021,27.9,22.4,24.9,17.05,0.7,0.7,3,14.9,265,3.53
8/14/2021,27.8,21.9,24.7,17.99,0.9,0.9,5,14.3,255,3.7
8/15/2021,27.9,22.6,24.9,17.97,1,1,7,13.9,265,3.7
8/16/2021,29.6,21.8,25.5,19.63,0.2,0.2,1,14,299,4.23
8/17/2021,29.2,23.2,25.6,15.23,9.5,9.5,10,15.6,306,3.29
8/18/2021,26,22.8,24.1,6.94,15.8,15.8,24,15.4,301,1.48
8/19/2021,24.2,22.4,23.3,4.15,3.1,3.1,11,17.9,287,0.96
8/20/2021,26.2,21.9,23.9,7.95,1.2,1.2,5,19.3,295,1.67
8/21/2021,26.6,22.5,24.1,8.43,9.5,9.5,12,16.7,300,1.71
8/22/2021,27.7,22.5,24.3,11.49,2.6,2.6,8,12.9,270,2.4
8/23/2021,27.5,22.8,24.6,11.86,1.6,1.6,4,14.8,266,2.51
8/24/2021,28.5,22.3,25.1,14.09,0.4,0.4,2,19.1,265,2.99
8/25/2021,27.7,21.9,24.8,14.36,0.9,0.9,5,19.6,262,3.17
8/26/2021,27.6,22.1,24.6,15.49,0.5,0.5,4,19.2,257,3.34
8/27/2021,27.7,21.7,24.6,15.68,1.4,1.4,7,15.9,258,3.35
8/28/2021,28.3,21.7,25,18.95,0.9,0.9,6,10.6,287,3.97
8/29/2021,28.8,22.3,25.1,14.91,10.3,10.3,10,12.6,321,3.19
8/30/2021,29.1,23.3,25.2,10.22,14.3,14.3,17,11.7,1,2.28
8/31/2021,28,23,25,11.01,14.1,14.1,19,10,76,2.34
9/1/2021,27.7,23.1,24.6,11.5,8.2,8.2,13,15,143,2.42
9/2/2021,27.6,22.3,24.4,10.76,6.4,6.4,12,14,209,2.33
9/3/2021,29,22.1,25.3,18.19,1.9,1.9,6,11.5,218,3.73
9/4/2021,29,23.2,25.7,16.92,2.9,2.9,7,12.2,270,3.56
9/5/2021,28.3,23,24.9,10.85,9,9,18,10.2,289,2.33
9/6/2021,29,22.8,25.7,13.64,3.9,3.9,4,11.2,339,3
9/7/2021,30.4,24,26.3,15.43,9.3,9.3,13,15.2,25,3.38
9/8/2021,28.2,23.5,25.2,11.83,23.4,23.4,12,13.1,96,2.53
9/9/2021,26.2,23.1,24.2,7.99,11.4,11.4,17,21.8,242,1.67
9/10/2021,27,22.8,24.3,9.76,6.2,6.2,14,18.3,247,2.04
9/11/2021,25.6,22.9,23.7,5.59,4.3,4.3,12,17.1,215,1.4
9/12/2021,27.5,22.4,24.3,8.46,3.5,3.5,11,12.4,206,1.8
9/13/2021,28.1,22.7,25.2,13.85,5.4,5.4,11,10.4,169,2.95
9/14/2021,28.4,22.8,24.8,10.69,8.1,8.1,14,9.8,115,2.23
9/15/2021,25.4,22.9,23.9,6.96,4.8,4.8,14,16.4,277,1.51
9/16/2021,25.2,22.3,23.5,5.57,5.2,5.2,16,25.9,269,1.21
9/17/2021,28.3,23,24.7,14.53,3,3,8,22,268,2.85
9/18/2021,24.3,22.4,23.3,4.77,10.6,10.6,19,19.8,255,1.09
9/19/2021,27.7,22.3,24.3,10.7,1.1,1.1,6,16.1,243,2.3
9/20/2021,25.9,23,24.1,7.47,10.3,10.3,12,15.8,257,1.62
9/21/2021,27.4,22.8,24.1,9.79,17.5,17.5,11,11.6,257,2.06
9/22/2021,28.1,22.8,24.6,11.74,4.8,4.8,9,9.1,277,2.52
9/23/2021,28.9,22.5,24.9,12.75,7,7,8,6.9,295,2.7
9/24/2021,29.4,22.3,25,16.07,6,6,11,9.6,303,3.36
9/25/2021,28,22.9,24.5,11.34,7.4,7.4,13,14,294,2.33
9/26/2021,26.3,22.2,23.6,6.39,24.3,24.3,23,10.8,301,1.38
9/27/2021,29.2,22.1,24.9,14.85,7.5,7.5,10,12.1,36,3.11
9/28/2021,28.9,23.2,25.6,17.24,6.2,6.2,14,22.2,62,3.74
9/29/2021,27.1,22.5,24.4,9.31,1.8,1.8,9,24.5,129,2.21
9/30/2021,29.1,22.4,25.7,17.47,2.2,2.2,8,8.9,144,3.6
10/1/2021,29.9,22.6,25.5,16.7,6.1,6.1,7,8.2,352,3.46
10/2/2021,30,22.4,25.6,17.23,2.1,2.1,9,8.3,330,3.57
10/3/2021,29.8,22.3,25.5,17.5,8.1,8.1,4,9.9,281,3.66
10/4/2021,29.8,22,25.8,18.23,0.1,0.1,1,7.9,291,3.86
10/5/2021,30,23,26.1,17.68,1.2,1.2,4,7.6,14,3.81
10/6/2021,30.5,22.9,26.1,17.81,1,1,5,11.6,37,3.79
10/7/2021,30.2,22.8,26.5,18.59,0.1,0.1,1,7.3,74,3.97
10/8/2021,31.1,22.5,26.6,19.64,1,1,3,6.8,356,4.24
10/9/2021,30.3,22.2,26.1,19.4,0,0,0,9.1,314,4.22
10/10/2021,29.7,22.4,25.7,18.15,0.4,0.4,3,12.3,313,3.84
10/11/2021,29.1,21.4,25.5,18.57,0.5,0.5,3,6.3,329,3.85
10/12/2021,30.1,21,25.6,18.13,0,0,0,6.5,333,3.86
10/13/2021,31.1,21.7,26,19.69,0,0,0,10.9,11,4.58
10/14/2021,30.5,20.3,25.1,21.18,0,0,0,13.2,25,5.15
10/15/2021,29.4,18.7,23.8,21.7,0,0,0,11.7,18,5.14
10/16/2021,30.4,17.9,24.5,19.78,1.2,1.2,3,11.6,37,4.64
10/17/2021,27.1,22.3,24.1,7.65,18.4,18.4,19,14.3,10,1.72
10/18/2021,28.1,22.5,24.7,13.82,9.6,9.6,10,19.3,312,3.11
10/19/2021,28.9,19.6,23.7,20.9,0,0,0,13,296,4.85
10/20/2021,28.9,18.6,23.1,19.98,0,0,0,12.1,308,4.46
10/21/2021,29,16.2,22.7,20.98,0,0,0,8.2,287,4.47
10/22/2021,28,16.4,22.3,20.65,0,0,0,10.6,235,4.46
10/23/2021,27.5,17.8,22.6,19.88,0,0,0,10.8,202,4.31
10/24/2021,27.2,16.7,22.7,17.92,0,0,0,8.7,216,3.76
10/25/2021,26.4,17,22.6,16.92,0,0,0,6.5,21,3.4
10/26/2021,26,17.4,22,14.36,0.4,0.4,3,7.2,31,3.06
10/27/2021,26.4,18.7,22.3,15.67,0,0,0,11.9,60,3.45
10/28/2021,27.1,16.8,21.4,20.61,0,0,0,13.5,52,4.66
10/29/2021,26.7,14.9,20.5,20.37,0,0,0,15.1,42,4.62
10/30/2021,26.7,14.2,20.2,20.44,0,0,0,15.5,31,4.59
10/31/2021,27.4,12.7,19.9,20.49,0,0,0,12.4,52,4.47
11/1/2021,27.2,14,20.8,20.09,0,0,0,12.7,103,4.43
11/2/2021,27.3,14.6,20.6,19.86,0,0,0,13.8,101,4.47
11/3/2021,27.5,14.7,20.7,19.6,0,0,0,11.9,65,4.28
11/4/2021,27.8,15,21.1,19.51,0,0,0,12.8,63,4.45
11/5/2021,28.1,14.7,21.2,19.13,0,0,0,9.4,52,4.39
11/6/2021,27.2,15.5,21.2,16.69,0,0,0,13,48,4.13
11/7/2021,27.6,16.4,21.4,18.48,0,0,0,13,68,4.53
11/8/2021,28.4,16,21.7,18.98,0,0,0,14.8,58,4.84
11/9/2021,28.4,17.5,22.3,18.89,0,0,0,14,52,4.88
11/10/2021,28.1,15.2,21.3,18.96,0,0,0,15.5,50,4.87
11/11/2021,27.4,15.7,21,18.45,0,0,0,18.7,50,5.05
11/12/2021,27.4,15.9,21,18.26,0,0,0,17.4,49,4.95
11/13/2021,28.4,16.6,22,17.7,0,0,0,16.4,47,4.67
11/14/2021,28.3,17,22.2,17.39,0,0,0,14.6,63,4.11
11/15/2021,28.4,16.4,22.3,18.14,0,0,0,14.3,50,4.39
11/16/2021,27.8,16,21.7,18.12,0,0,0,15.9,56,4.57
11/17/2021,29,17.4,22.9,15.97,0,0,0,15.6,70,4.29
11/18/2021,29.4,20.7,24.4,14.48,1.9,1.9,6,12.4,79,3.64
11/19/2021,28.5,20.1,23.9,13.69,0,0,0,14.2,75,3.49
11/20/2021,28.2,20.8,23.9,14.66,0,0,0,14.4,72,4.07
11/21/2021,29.3,20.1,24.6,15.27,0,0,0,13.5,92,3.68
11/22/2021,29.6,21.1,25,13.38,0,0,0,10.4,49,3.22
11/23/2021,30.3,19.1,24.6,15.4,0,0,0,7.9,6,3.52
11/24/2021,30,18.6,24.1,16.66,0,0,0,8.1,322,3.72
11/25/2021,29.9,16.2,23.1,17.11,0,0,0,8.2,4,3.72
11/26/2021,29.3,16.7,22.8,17.29,0,0,0,8.5,71,3.72
11/27/2021,28.6,16.3,22.1,17.46,0,0,0,10.7,128,4.25
11/28/2021,27.6,14.9,21.2,17.29,0,0,0,11.6,115,4.39
11/29/2021,27,14.7,20.7,16.52,0,0,0,14.5,72,4.22
11/30/2021,26.5,15.2,20.7,16.1,0,0,0,14.8,68,3.99
12/1/2021,22.5,14.7,18.8,7.79,3.1,3.1,12,12.2,51,2.48
12/2/2021,17.5,14.1,15.5,2.26,15.4,15.4,24,17.3,42,0.58
12/3/2021,23.9,15.2,19,12.29,0,0,0,13.3,70,2.61
12/4/2021,25,15.7,19.9,13.31,0,0,0,11.9,79,2.78
12/5/2021,25.8,17.1,21,12.64,0,0,0,11.9,80,2.59
12/6/2021,25.4,17.4,20.9,13.15,0,0,0,12.9,28,2.94
12/7/2021,25,16.1,20.2,16.11,0,0,0,14.3,49,3.33
12/8/2021,24.7,15.1,19.9,15.06,0,0,0,12.6,65,3
12/9/2021,24.4,16,19.9,11.52,0,0,0,13.6,54,2.89
12/10/2021,24.4,16.2,19.8,13.29,0,0,0,13.5,52,3.05
12/11/2021,24.6,14,19.1,16.37,0,0,0,11.9,58,3.33
12/12/2021,25.2,13.8,19.5,16.5,0,0,0,9.7,116,3.37
12/13/2021,25.2,15,19.8,13.84,0,0,0,12.4,128,2.86
12/14/2021,25.1,15.6,20.5,12.03,0,0,0,8.9,161,2.61
12/15/2021,25.1,14.6,20,12.93,0,0,0,6.9,72,2.56
12/16/2021,25.9,15,20.2,13.62,0,0,0,13.7,194,2.89
12/17/2021,23.2,16,18.9,11.38,0.1,0.1,1,15.2,24,2.3
12/18/2021,22,12.8,16.7,16.11,0,0,0,14.6,41,3.31
12/19/2021,21.1,9.2,14.6,17.37,0,0,0,12.8,60,3.59
12/20/2021,21.8,7.3,14.8,17.23,0,0,0,10.2,92,3.38
12/21/2021,23.3,9.7,16.7,16.94,0,0,0,8.2,119,3.31
12/22/2021,24.6,14.4,18.9,16.82,0,0,0,9,173,3.32
12/23/2021,25.5,15,19.7,16.53,0,0,0,9.6,205,3.47
12/24/2021,25.7,11.8,18.6,16.28,0,0,0,11.9,288,3.29
12/25/2021,25.1,13.3,19.1,15.02,0,0,0,7.6,19,2.8
12/26/2021,24.6,13.3,19.1,15.3,0,0,0,7.7,157,2.96
12/27/2021,25.1,15.8,20.1,14.79,0,0,0,7.3,165,2.88
12/28/2021,23.3,15,17.8,10.89,4.1,4.1,6,12,27,1.99
12/29/2021,19.6,12.5,15.4,11.02,0,0,0,16,38,2.11
12/30/2021,21.1,10.3,15.2,16.76,0,0,0,18.9,66,2.85
12/31/2021,21.8,11.2,16.6,14.95,0,0,0,13.9,80,2.71
1/1/2022,23.2,12.6,18,13.74,0,0,0,12.8,45,2.5
1/2/2022,24.2,13.2,18.6,15.75,0,0,0,12.8,13,2.85
1/3/2022,24.6,13.2,18.7,16.5,0,0,0,11.3,358,3
1/4/2022,25.6,13.6,19.5,16.28,0,0,0,8.7,328,3.16
1/5/2022,26.3,14.9,20.4,14.54,0,0,0,17.1,265,3.18
1/6/2022,24.8,16.4,20.4,12.6,2.2,2.2,8,13,168,2.45
1/7/2022,24.8,15.7,19.3,13.37,9.3,9.3,22,13.5,333,2.3
1/8/2022,24.1,15.8,19.4,14.98,2.6,2.6,7,12,232,2.77
1/9/2022,20.3,12.9,16.5,11.76,2.6,2.6,7,9.8,125,2.19
1/10/2022,20.1,9.8,14.6,17.59,0,0,0,13.8,59,2.95
1/11/2022,20.7,9.3,14.8,14.98,0,0,0,13.1,58,2.38
1/12/2022,19.5,9.9,14.3,16.3,0,0,0,12.7,51,2.62
1/13/2022,20.3,8.8,14.4,16.98,0,0,0,12.8,35,2.71
1/14/2022,21.7,10.5,15.9,16.27,0,0,0,18.4,34,2.86
1/15/2022,21.5,10.1,15.6,17.63,0,0,0,19.9,29,3.08
1/16/2022,22.4,10.8,16.2,17.59,0,0,0,12.2,10,2.74
1/17/2022,23.5,11,17.1,17.75,0,0,0,11.1,12,3.03
1/18/2022,24.2,10.9,17.2,17.82,0,0,0,10.3,59,3.32
1/19/2022,24.1,8.9,16.4,18.18,0,0,0,7.9,21,3.36
1/20/2022,26.5,11.8,18.8,18.15,0,0,0,16.6,182,4.1
1/21/2022,25.6,14.3,19.8,18.29,0,0,0,14.7,168,3.62
1/22/2022,22.8,15.9,19,11.61,1.3,1.3,7,27.1,201,2.54
1/23/2022,20.2,11.9,16.3,16.76,0,0,0,14.4,162,3.04
1/24/2022,19.6,7.7,13.9,18.75,0,0,0,9.7,75,3.2
1/25/2022,19.4,8.7,13.9,19.23,0,0,0,10.5,57,3.43
1/26/2022,19.8,7.7,13.7,19.23,0,0,0,10.9,46,3.45
1/27/2022,20.5,7.5,13.8,19.75,0,0,0,10.8,47,3.68
1/28/2022,21.6,7,14.2,19.74,0,0,0,10.8,24,3.58
1/29/2022,24.1,7.5,15.6,19.84,0,0,0,8.7,357,3.55
1/30/2022,26,13.6,18.6,19.77,0,0,0,10.8,227,4.1
1/31/2022,26.7,9.5,18,19.73,0,0,0,10.5,156,4.17
2/1/2022,27.8,11,19.2,19.5,0,0,0,11.1,147,4.1
2/2/2022,27.8,11.9,20,19.63,0,0,0,7.9,138,3.84
2/3/2022,26.5,15,20,19.82,0,0,0,23.8,184,4.79
2/4/2022,23.8,11.1,17.5,20.49,0,0,0,13.7,148,4.29
2/5/2022,24.7,9.4,17.5,20.43,0,0,0,9.4,151,3.92
2/6/2022,25.9,10.8,18.5,20.44,0,0,0,12.9,321,4.37
2/7/2022,27.2,13.2,20.1,20.19,0,0,0,8.7,154,4.16
2/8/2022,27.4,11.6,19.6,20,0,0,0,9.7,159,4.24
2/9/2022,26.4,14.6,20.2,20.1,0,0,0,12.7,123,4.41
2/10/2022,24.5,13.9,18.8,20.51,0,0,0,17.8,53,4.36
2/11/2022,24,11.1,17.2,21.24,0,0,0,13.4,42,4.38
2/12/2022,25.4,10.3,17.8,21.31,0,0,0,9,27,4.13
2/13/2022,26.4,11.4,19.1,21,0,0,0,11,343,4.35
2/14/2022,27.6,14.4,20.9,18.53,0,0,0,13.4,334,4.32
2/15/2022,27.5,15,21.1,20.7,0,0,0,14.7,265,4.53
2/16/2022,25.9,13.9,20.3,18.53,0,0,0,12.1,39,4.04
2/17/2022,26.8,17.1,21.2,18.2,0,0,0,15.9,13,5.03
2/18/2022,26.4,16.5,21.4,15.52,0.1,0.1,1,15.5,348,4.04
2/19/2022,28.6,18,22.8,15.51,0.1,0.1,1,10.1,351,3.73
2/20/2022,28.2,16.1,21.8,22.03,0,0,0,13.5,116,5.23
2/21/2022,29.6,14.8,22.2,21.94,0,0,0,11.1,166,5.38
2/22/2022,31,14.5,23.1,22.15,0,0,0,13,224,5.64
2/23/2022,31.7,17.1,24,21.98,0,0,0,14.1,191,5.24
2/24/2022,30.2,15.9,22.9,22.58,0,0,0,11.5,126,5.44
2/25/2022,29.6,15.9,22.7,22.54,0,0,0,13.1,1,5.27
2/26/2022,31.3,15.3,23.2,22.5,0,0,0,12.5,268,5.69
2/27/2022,30.8,15.6,23.4,22.57,0,0,0,13.7,96,5.23
2/28/2022,29.1,17.1,22.9,21.75,0,0,0,17.1,45,5.05
3/1/2022,30.1,16.8,23.3,22.63,0,0,0,11.7,38,5.54
3/2/2022,30.4,17.3,23.8,21.8,0,0,0,15.1,9,5.36
3/3/2022,30.4,17.5,24,20.43,0.2,0.2,1,10.1,297,4.95
3/4/2022,30.8,17.2,23.8,22.57,0,0,0,14.1,82,5.61
3/5/2022,30.2,17.6,23.5,23.48,0,0,0,14.6,56,5.77
3/6/2022,31.1,15.9,23.8,23.67,0,0,0,10.9,358,5.46
3/7/2022,30.9,20,24.9,18.1,0.3,0.3,2,13.7,323,5.03
3/8/2022,29.4,20.1,24.5,20.48,0.4,0.4,1,19,288,4.88
3/9/2022,30.6,18.8,23.9,21.38,2.6,2.6,9,11.2,346,4.64
3/10/2022,31.3,17.4,24.6,23.14,0,0,0,11.2,54,5.27
3/11/2022,31.2,19.3,25.2,22.66,0,0,0,12.1,52,5.85
3/12/2022,31.7,18,24.9,24.66,0,0,0,10.8,61,5.93
3/13/2022,33.1,16.8,25.4,24.66,0,0,0,10.7,47,6.26
3/14/2022,34.9,20.9,28,24.26,0,0,0,10.4,66,6.14
3/15/2022,37,18.7,28.5,24.66,0,0,0,14.8,102,6.95
3/16/2022,37.6,21.1,29.1,24.88,0,0,0,16.2,118,7.58
3/17/2022,38.2,22,30,24.97,0,0,0,16.4,117,7.84
3/18/2022,37.7,22.8,30,24.83,0,0,0,13.6,96,7.33
3/19/2022,37.1,21.7,29.8,23.34,0,0,0,13.5,112,6.4
3/20/2022,37.1,23.2,30,23,0,0,0,15.8,136,7.04
3/21/2022,36.3,24.3,29.9,22.8,0,0,0,15.6,124,7.58
3/22/2022,36.7,22.5,29.6,23.97,0,0,0,13.2,94,7.17
3/23/2022,36.5,21.3,29.6,23.31,0,0,0,12.2,112,6.46
3/24/2022,36.7,24.7,30.4,21.46,0,0,0,11.8,131,6.77
3/25/2022,36.3,24,29.9,20.24,0,0,0,11.5,131,6.4
3/26/2022,37.7,24.5,30.3,23.46,0,0,0,17.5,113,7.68
3/27/2022,37.8,20.5,29.6,26.13,0,0,0,14.6,138,7.35
3/28/2022,38.1,22.5,30.4,26.28,0,0,0,17.9,142,8.48
3/29/2022,38.2,22.6,30.5,26.6,0,0,0,18.2,159,9.01
3/30/2022,38.3,23.3,30.5,26.68,0,0,0,13.5,163,8.22
3/31/2022,38.5,22.5,30.6,26.81,0,0,0,12.3,162,7.76
4/1/2022,38.6,23.9,31.2,26.35,0,0,0,12.7,147,7.64
4/2/2022,38.8,24,31.7,26.15,0,0,0,11.7,151,7.5
4/3/2022,39.2,24.6,32,26.52,0,0,0,15.5,150,8.31
4/4/2022,39.7,23.9,31.9,27.05,0,0,0,13.8,136,8.33
4/5/2022,39.4,22.7,31.4,27.06,0,0,0,9.2,116,7.18
4/6/2022,39.5,22.7,31.9,25.49,0,0,0,10.2,131,6.96
4/7/2022,40.1,25.5,33,26.15,0,0,0,12,75,7.62
4/8/2022,40.3,24.5,33,24.79,0,0,0,10.8,360,6.85
4/9/2022,40.8,24.3,32.9,25.78,0,0,0,16.3,137,8.18
4/10/2022,40.1,26.2,33.1,26.3,0,0,0,14.9,144,8.74
4/11/2022,39.8,26.2,33,24.89,0,0,0,14.2,160,8.23
4/12/2022,39.3,26.5,32.7,25.61,0,0,0,13.1,152,8.18
4/13/2022,39.7,26.3,32.7,26.58,0,0,0,17,153,9.07
4/14/2022,39.8,25.5,32.5,27.16,0,0,0,18.3,155,9.47
4/15/2022,39,24.5,31.8,27.4,0,0,0,18,164,9.44
4/16/2022,39.3,24,31.7,26.99,0,0,0,19.4,166,9.45
4/17/2022,39.8,25.4,32.8,26.67,0,0,0,19.7,158,9.27
4/18/2022,39.9,25.5,32.9,25.87,0,0,0,19.4,155,9.27
4/19/2022,40,26.7,33.5,25.6,0,0,0,17.6,142,9.05
4/20/2022,40.4,26.6,33.7,27.32,0,0,0,20.3,143,9.48
4/21/2022,36.2,27.7,31.8,18.48,0,0,0,26.4,114,7.11
4/22/2022,38.7,26.6,32.6,25.85,0,0,0,12.5,147,7.19
4/23/2022,39.5,25.1,32.8,26.68,0,0,0,17.6,127,9.34
4/24/2022,39.5,27.8,33.4,26.19,0,0,0,20.7,146,10.1
4/25/2022,40.3,26.2,33.2,27.87,0,0,0,18.6,157,9.85
4/26/2022,40.2,25.9,33.1,28.27,0,0,0,19.4,156,9.75
4/27/2022,40.9,24.7,33.2,28.27,0,0,0,13,166,8.68
4/28/2022,41.5,26.1,34.2,28.06,0,0,0,16.1,156,8.9
4/29/2022,41.5,27.9,34.5,27.52,0,0,0,21.5,155,10.58
4/30/2022,40.5,27.1,33.9,27.91,0,0,0,21.1,181,10.06
5/1/2022,40.5,26.6,33.6,26.25,0,0,0,19.6,165,9.67
5/2/2022,39.8,27,33.3,25.49,0,0,0,22.5,168,9.17
5/3/2022,39.8,26.3,33.1,27.32,0,0,0,19.8,163,9.44
5/4/2022,39.8,25.5,32.7,27.51,0,0,0,17.1,165,9.15
5/5/2022,39.2,26,32.8,27.23,0,0,0,16.9,145,8.82
5/6/2022,39.2,27.2,33.5,24.92,0,0,0,14.5,133,8.08
5/7/2022,38.9,25.9,33.3,21.76,0,0,0,13,99,6.73
5/8/2022,41.8,27.9,34.8,26.68,0,0,0,16.2,122,8.98
5/9/2022,42,29,35.4,24.46,0,0,0,22.3,96,9.92
5/10/2022,41.6,27.5,35,23.77,0,0,0,22.9,81,9.8
5/11/2022,41.9,26.8,35.4,25.73,0,0,0,16.2,55,8.11
5/12/2022,43.3,27.6,35.7,24.48,0,0,0,17.1,120,9.34
5/13/2022,41.5,28.2,35.2,23.8,0,0,0,19.1,163,9.26
5/14/2022,41.6,26.5,34.1,25.21,0,0,0,20.7,172,9.26
5/15/2022,41,26.9,34.1,26.99,0,0,0,20.7,167,9.74
5/16/2022,40.1,27.2,33.6,28.29,0,0,0,20.6,165,9.76
5/17/2022,39.1,25.8,32.7,23.25,0,0,0,17.3,171,8.08
5/18/2022,40.2,26.3,33.3,27.13,0,0,0,15.5,157,8.72
5/19/2022,40.7,27.5,34.1,26.45,0,0,0,13.4,151,8.1
5/20/2022,41.6,28.6,34.8,26.73,0,0,0,22.7,163,10.17
5/21/2022,39,25.3,32.3,28.18,0,0,0,27.4,181,10.32
5/22/2022,38.3,24.1,30.7,27.14,0,0,0,27.4,190,8.8
5/23/2022,38.1,25,31,26.58,0.1,0.1,1,22.1,200,8.09
5/24/2022,37.1,26.4,31.5,24.71,0,0,0,21.5,193,7.07
5/25/2022,37.8,26,32.2,24.5,0.2,0.2,1,17.3,172,7.42
5/26/2022,38.1,26.8,32.5,25.07,0,0,0,19.8,176,8.83
5/27/2022,37.5,25,31.1,27.43,0,0,0,22.1,186,8.83
5/28/2022,37.1,25,30.8,26.58,0,0,0,23.2,188,8.35
5/29/2022,36.7,24.8,30.6,24.96,0,0,0,27.3,184,7.66
5/30/2022,37.7,25.2,31.5,26.29,0.1,0.1,1,19.3,199,7.98
5/31/2022,38.8,25.3,32.1,25.72,0,0,0,19.4,174,8.21
6/1/2022,39.3,26.7,33.2,23.86,0.2,0.2,1,15,81,6.89
6/2/2022,39.1,27.2,33.6,22.69,0,0,0,21.4,151,8.61
6/3/2022,40.1,27,33.6,26.42,0,0,0,20,165,9.96
6/4/2022,39.5,27.7,33.5,22.4,0,0,0,20.8,162,9.03
6/5/2022,39.9,27.5,33.9,24.39,0,0,0,18.2,154,9.25
6/6/2022,39.9,27.9,33.9,24.26,0,0,0,22.7,158,9.92
6/7/2022,40.1,26.1,33.4,27.21,0,0,0,21.1,166,10.08
6/8/2022,38,26.6,32.4,24.61,0.1,0.1,1,22.3,167,8.5
6/9/2022,38.9,27.3,33.2,25.21,0,0,0,21,179,8.72
6/10/2022,38.6,26.6,32.9,24.24,0,0,0,19.2,178,7.97
6/11/2022,38.1,27.2,31.9,22.63,1.7,1.7,5,19.2,186,6.49
6/12/2022,33.3,24.1,27.4,15.52,11.1,11.1,13,13.4,195,3.67
6/13/2022,33.8,24.5,28.7,19.9,1.9,1.9,11,12.8,170,4.97
6/14/2022,35.6,25.6,30.2,23.52,0.5,0.5,2,14.8,177,6.38
6/15/2022,35.3,25.7,30.2,21.82,0.2,0.2,1,16.8,188,6.24
6/16/2022,35,25.6,30,19.61,0.7,0.7,3,16.3,189,5.55
6/17/2022,35.6,25.7,30.3,22.14,0.5,0.5,1,15.5,199,5.86
6/18/2022,34.7,26.4,30.3,21.21,0.1,0.1,1,19.4,198,5.83
6/19/2022,34.4,25.8,29.5,20.91,2.1,2.1,3,15.4,205,5.59
6/20/2022,32.7,24.9,28.2,18.25,4.9,4.9,9,19.4,194,4.99
6/21/2022,32.8,25.4,28.1,19.26,3.6,3.6,12,19,201,4.71
6/22/2022,34.2,24.6,28.2,22.33,7,7,11,10.8,170,4.86
6/23/2022,34.8,24.2,28.9,21.72,1,1,4,9.2,118,4.75
6/24/2022,33.7,23.9,28.1,17,10.2,10.2,12,11,94,4.19
6/25/2022,34.9,25,30.1,23.34,0,0,0,9,183,5.44
6/26/2022,34,26.6,30,16.03,0.3,0.3,1,14,180,4.69
6/27/2022,31,25.4,28.3,14.27,0.8,0.8,5,12.4,200,3.8
6/28/2022,32.5,25,27.9,15.8,3.2,3.2,3,16.9,189,4.21
6/29/2022,30.5,24.3,27.4,11.71,2.8,2.8,11,19.1,190,3.36
6/30/2022,29.9,24.9,26.8,9.76,7.7,7.7,12,17,191,2.62
7/1/2022,28,24.3,25.4,7.78,15.4,15.4,16,17,199,2.34
7/2/2022,28.3,23.4,25.1,9.23,10.6,10.6,20,18.1,195,2.41
7/3/2022,28.3,23.3,25.4,8.1,5.7,5.7,16,14.5,202,2.07
7/4/2022,28,23.5,25.5,9.3,5.2,5.2,12,15.5,189,2.39
7/5/2022,28.4,23.6,25.1,7.11,25.7,25.7,24,18.8,168,1.75
7/6/2022,29.2,23.6,25.5,14.44,14.8,14.8,19,11.6,213,3.16
7/7/2022,28,23.3,25.2,8.59,15.5,15.5,23,14.1,174,1.88
7/8/2022,27.5,23.6,24.8,8.71,9.8,9.8,23,17.2,180,2.03
7/9/2022,28.9,23.5,25.5,11.54,9.1,9.1,18,19,160,2.74
7/10/2022,29.7,23.1,25.7,15.52,7.9,7.9,18,20.6,156,3.22
7/11/2022,28.4,22.7,24.8,8.01,17.6,17.6,23,18.4,146,1.77
7/12/2022,26.4,23.2,24.5,7.34,6.4,6.4,20,21.3,162,1.59
7/13/2022,26.4,22.8,23.8,5.3,25.6,25.6,24,18.5,149,1.26
7/14/2022,28.6,22.8,25.1,10.51,25.2,25.2,19,14,140,2.29
7/15/2022,27.1,23,24.1,7.36,29.4,29.4,21,13.2,204,1.62
7/16/2022,28.7,22.9,25.4,12.59,1.4,1.4,9,14,246,2.83
7/17/2022,29.4,23.9,25.5,12.53,10,10,13,14.4,178,2.78
7/18/2022,26.3,22.9,24.1,4.94,89.5,89.5,22,26.4,144,1.08
7/19/2022,24.3,22.9,23.5,4.37,31.7,31.7,18,20.2,207,0.92
7/20/2022,27.4,22.9,24.8,8.13,0.6,0.6,6,22.7,181,1.85
7/21/2022,28.9,23.7,25.8,14.98,0,0,0,22.4,180,3.26
7/22/2022,28.3,23.7,25.6,13.67,0.5,0.5,4,20.2,168,3.14
7/23/2022,25.5,23.1,23.8,4.17,8.7,8.7,24,20.5,170,1.17
7/24/2022,24.9,22.7,23.6,5,3.6,3.6,18,17.2,193,1.11
7/25/2022,24.7,22.6,23.4,5.02,10.9,10.9,24,15.3,197,1.17
7/26/2022,24.8,22.7,23.5,5.28,10.3,10.3,22,14.8,186,1.23
7/27/2022,27.6,22.8,24.7,12.41,5.3,5.3,17,16.1,179,2.68
7/28/2022,29.3,22.9,25.5,17.27,5.1,5.1,17,15.7,164,3.5
7/29/2022,29.3,23.1,25.6,15.7,3.3,3.3,7,14.5,166,3.43
7/30/2022,30,23.4,26.1,18.16,1.1,1.1,6,14,170,3.92
7/31/2022,29.1,22.2,25.7,19.08,1,1,7,16.2,178,4.04
8/1/2022,28.5,22.4,25.4,17.01,1.2,1.2,8,16.2,177,3.6
8/2/2022,28.6,23.1,25.5,15.76,3.8,3.8,12,13.1,172,3.32
8/3/2022,29.3,23.4,25.9,15.85,5.9,5.9,10,14.2,149,3.44
8/4/2022,29.9,23.2,25.8,12.8,15.9,15.9,20,9.5,119,2.8
8/5/2022,29.3,23.6,25.5,13.47,13.9,13.9,22,6.9,250,2.92
8/6/2022,29.7,23.5,26,16.3,3.3,3.3,9,10.8,172,3.39
8/7/2022,28.9,24.2,25.7,10.14,7.9,7.9,15,12,134,2.23
8/8/2022,29.6,23.3,25.3,12.9,13.4,13.4,17,10,111,2.83
8/9/2022,28.6,23.8,25.2,11.08,26.9,26.9,19,7,101,2.38
8/10/2022,24.9,23.4,23.9,3.95,34.3,34.3,24,18.6,163,0.86
8/11/2022,26.9,22.6,24.1,6.55,29.5,29.5,24,23.8,217,1.45
8/12/2022,26.8,23.2,24.7,9.77,2.6,2.6,12,23.5,224,2.17
8/13/2022,27.5,23,24.9,13.65,5.4,5.4,12,22.8,207,2.93
8/14/2022,26.9,22.9,24.6,8.58,4.4,4.4,16,19.4,178,2.14
8/15/2022,24,22.5,23,3.45,18.7,18.7,24,21.7,175,0.82
8/16/2022,23.2,22.2,22.7,3.35,42.4,42.4,24,27.1,228,0.67
8/17/2022,27.7,22.3,24.2,14.1,2.3,2.3,15,26.9,241,2.81
8/18/2022,27.7,22.7,24.8,14.23,1,1,8,20.5,219,2.91
8/19/2022,28.4,22.9,25.2,17.64,2.2,2.2,10,19.3,194,3.5
8/20/2022,27.9,23.1,24.7,10.78,1,1,7,16.3,170,2.28
8/21/2022,25.8,22.9,24,6.15,7.9,7.9,19,22.4,160,1.57
8/22/2022,23.4,22.4,22.7,2.72,40.3,40.3,24,28.5,177,0.69
8/23/2022,25.4,22.1,23.5,6.9,19,19,14,27,220,1.58
8/24/2022,28.4,22.2,24.7,16.82,1.5,1.5,10,16.7,220,3.39
8/25/2022,28,21.7,24.5,15.89,0,0,0,10,188,3.38
8/26/2022,28.7,22.3,25.2,17.58,0.8,0.8,8,13.7,161,3.78
8/27/2022,29,21.1,24.9,20.47,0,0,0,14,154,4.35
8/28/2022,28.7,21.9,24.9,14.99,0.6,0.6,6,14.4,152,3.31
8/29/2022,26.9,22.5,24.6,12.43,1.2,1.2,3,9,105,2.78
8/30/2022,29,21.5,25.4,18.27,4.9,4.9,10,9.7,86,3.92
8/31/2022,30.3,23.1,26.3,17.94,4.5,4.5,12,8.2,116,3.88
9/1/2022,29,23,25.7,13.27,9.8,9.8,13,5.6,157,2.77
9/2/2022,30.1,22.8,26.1,17.59,1.3,1.3,6,5.6,127,3.72
9/3/2022,30.8,23.1,26.6,19.68,1,1,5,10.3,165,4.26
9/4/2022,29.2,23.9,26,16.42,6.7,6.7,8,15.3,175,3.4
9/5/2022,28.1,23.1,25.3,16.13,1.9,1.9,9,14.2,180,3.35
9/6/2022,28.8,21.5,25.4,18.81,0.3,0.3,2,6.5,131,3.94
9/7/2022,30,23,26,18.22,7,7,11,11.4,67,3.89
9/8/2022,30.5,24.2,26.9,17.5,5.7,5.7,16,16,29,3.92
9/9/2022,31,24.5,27.1,19.9,2.9,2.9,10,11.4,9,4.34
9/10/2022,31,23.9,27,20.48,7.8,7.8,10,11.2,22,4.16
9/11/2022,30.5,23.4,26.1,15.7,13.4,13.4,16,14,71,3.37
9/12/2022,28.8,23.2,25.2,12.23,15.9,15.9,14,14.3,70,2.63
9/13/2022,27.7,23.1,24.7,9.26,18.8,18.8,20,9.6,152,1.99
9/14/2022,25.5,23,23.7,5.67,25.3,25.3,24,15.9,201,1.24
9/15/2022,24.4,22.5,23.3,4.45,10.1,10.1,24,16.9,221,1.08
9/16/2022,26.4,22,24,8.28,8.2,8.2,14,18.9,180,1.72
9/17/2022,28.6,22.7,25.1,17.25,0.8,0.8,5,18.2,184,3.51
9/18/2022,29.3,21.7,25.2,21.01,0,0,0,10.3,133,4.36
9/19/2022,29.6,21.2,25.4,20.57,0.1,0.1,1,13.5,131,4.48
9/20/2022,29.9,22.5,25.5,18.51,0.9,0.9,4,16.1,148,4.14
9/21/2022,28.9,22.2,25.4,19.79,0.3,0.3,3,19.2,154,4.52
9/22/2022,28.5,22.2,25,18.3,1.7,1.7,5,26.5,174,4.23
9/23/2022,24.5,21.5,22.6,5.7,10.6,10.6,14,23.3,189,1.57
9/24/2022,28.1,21.2,24.2,17.85,0,0,0,22.8,188,3.89
9/25/2022,27.7,19.6,23.6,15.96,0,0,0,13.6,180,3.39
9/26/2022,28.4,19.3,24,19.21,0,0,0,8.9,131,4.1
9/27/2022,29,20.5,24.8,19.64,0.5,0.5,4,9.7,122,4.18
9/28/2022,29.5,21.6,25.2,18.56,3.3,3.3,8,6.3,105,3.93
9/29/2022,30.3,21.7,25.8,19.09,0.3,0.3,1,8,102,4.18
9/30/2022,31.4,21.7,26.1,20.67,0.1,0.1,1,8.9,113,4.59
10/1/2022,30.5,22.3,26,19.54,0.6,0.6,4,10.6,133,4.36
10/2/2022,30.2,22,25.6,20.44,0.3,0.3,1,16.1,142,4.69
10/3/2022,30.1,21.5,25.4,19.47,0.4,0.4,2,14.3,131,4.56
10/4/2022,30.2,21.3,25.7,17.86,0,0,0,16.6,110,4.67
10/5/2022,30.2,23.3,26.1,14.9,0.7,0.7,2,11.7,91,3.93
10/6/2022,27.4,22.5,24.4,10.62,15.6,15.6,23,11.3,37,2.24
10/7/2022,27.2,22.2,23.7,8.43,21.9,21.9,24,15.4,354,1.85
10/8/2022,27,22,23.9,11.62,4.5,4.5,17,21.1,287,2.48
10/9/2022,28.4,21.7,24.6,15.44,0.6,0.6,4,15.6,242,3.21
10/10/2022,28.4,21.8,24.5,12.78,5.1,5.1,8,7.2,209,2.64
10/11/2022,28.2,21.7,24.1,13.77,6.2,6.2,16,5.4,263,2.85
10/12/2022,29.2,20.6,24.9,20.45,0,0,0,11.5,60,4.53
10/13/2022,29.2,19.3,23.8,21.85,0,0,0,12.9,48,5.06
10/14/2022,28.4,17.2,22.6,22.23,0,0,0,13,42,5.06
10/15/2022,28.1,16,21.7,22.09,0,0,0,12.2,40,4.98
10/16/2022,28.4,15.4,21.9,21.78,0,0,0,14.3,25,5.1
10/17/2022,29.4,19.4,23.9,18.23,0,0,0,12.8,14,4.23
10/18/2022,28.9,19.9,24.3,18.03,0.1,0.1,1,10,351,3.81
10/19/2022,28.8,19.6,24,17.06,0.1,0.1,1,9.5,357,4.04
10/20/2022,29.2,17.5,23.1,20.81,0,0,0,13,353,4.9
10/21/2022,29.1,18.2,23.4,20.38,0,0,0,11.5,8,4.84
10/22/2022,29.1,17.2,22.9,21.13,0,0,0,15,0,5.35
10/23/2022,30.4,16.7,23.1,20.88,0,0,0,12.8,45,5.42
10/24/2022,30.3,15.3,22.6,20.96,0,0,0,14.4,84,5.27
10/25/2022,31,17.3,23.5,20.91,0,0,0,11,155,5.26
10/26/2022,30.2,16.8,23.5,20.59,0,0,0,9.8,181,5.07
10/27/2022,30,17.4,23.7,20.3,0,0,0,9.8,231,4.81
10/28/2022,30.2,18.9,24.5,20.22,0,0,0,8.6,249,4.62
10/29/2022,30.4,17.6,24,20.02,0,0,0,9,343,4.77
10/30/2022,30.3,16.5,23.3,20.06,0,0,0,7.9,49,4.7
10/31/2022,29.6,15.9,22.6,20.15,0,0,0,14.5,32,5.07
11/1/2022,29.5,15.4,22.1,20.05,0,0,0,12.4,24,4.92
11/2/2022,31.5,17.2,24.1,19.68,0,0,0,13.6,22,4.79
11/3/2022,31.9,16.4,24,19.57,0,0,0,8.2,202,4.49
11/4/2022,31.9,19.4,25.3,19.45,0,0,0,9.4,284,4.65
11/5/2022,31.9,19.9,26,19.21,0,0,0,8.7,265,4.62
11/6/2022,31.5,19.2,25.4,18.64,0,0,0,9.5,298,4.63
11/7/2022,30.7,18.4,24.8,15.16,0,0,0,8.7,314,4.04
11/8/2022,30.1,20.1,25.1,15.07,0,0,0,9.3,278,3.91
11/9/2022,29.9,20,25,16.59,0,0,0,7.6,256,3.9
11/10/2022,29.9,20.3,24.7,16.37,0,0,0,8,50,3.79
11/11/2022,29.5,19.5,24.3,17.14,0,0,0,13.5,44,4.34
11/12/2022,28.4,18.5,23,18.48,0,0,0,13.4,34,4.52
11/13/2022,27.8,15.8,21.7,18.64,0,0,0,12.7,356,4.45
11/14/2022,28.1,15.7,21.9,18.37,0,0,0,10.8,314,4.17
11/15/2022,28.6,17.3,22.6,18.3,0,0,0,8.4,335,3.97
11/16/2022,28.6,19.5,23.3,18.34,0,0,0,8.3,233,3.9
11/17/2022,28.1,17.4,22.1,18.44,0,0,0,14.4,55,4.93
11/18/2022,26.7,14.7,20.3,18.61,0,0,0,11.1,26,4.51
11/19/2022,26.3,12.5,19.4,18.47,0,0,0,13,28,4.55
11/20/2022,26.4,12.3,19.4,18.21,0,0,0,13.2,41,4.29
11/21/2022,27.3,13.3,20,18.24,0,0,0,11.4,37,4.21
11/22/2022,27.4,12.9,19.9,18.19,0,0,0,9.7,26,4.09
11/23/2022,27.3,12.3,19.9,18.07,0,0,0,10.8,25,4.1
11/24/2022,26.8,13,19.7,17.86,0,0,0,12.1,7,4.01
11/25/2022,27,13.4,19.8,18.03,0,0,0,13.3,4,4.15
11/26/2022,27,12.1,19.7,18.12,0,0,0,10.2,2,4.19
11/27/2022,27.3,15,20.4,17.92,0,0,0,10,342,4.03
11/28/2022,27.5,13.3,20.2,17.75,0,0,0,9.5,341,4.01
11/29/2022,27.6,12.8,20,17.61,0,0,0,11.7,1,4.08
11/30/2022,27.2,13.4,20,17.31,0,0,0,10.2,6,3.87
12/1/2022,26.5,13.3,19.8,17.32,0,0,0,11.2,1,3.65
12/2/2022,26.7,12.9,19.9,17.15,0,0,0,9.6,322,3.57
12/3/2022,27.5,14.7,21.2,16.27,0,0,0,7.6,316,3.28
12/4/2022,27.9,14.9,21.8,16.66,0,0,0,9.2,316,3.45
12/5/2022,28.3,16.1,22.1,15.37,0,0,0,7,333,3.24
12/6/2022,28.2,16.8,22.7,14.56,0,0,0,9.2,25,3.05
12/7/2022,26.9,16.6,21.2,16.61,0,0,0,12.6,45,3.76
12/8/2022,26.4,12.4,19.1,17.4,0,0,0,12.9,28,4.07
12/9/2022,26.3,12.3,18.9,17.34,0,0,0,16.2,12,4.2
12/10/2022,27.3,12.7,19.6,17.23,0,0,0,11.3,6,4.08
12/11/2022,28.6,15.3,21.6,16.22,0,0,0,12.5,359,3.83
12/12/2022,28.7,18.7,23.4,14.38,0.3,0.3,3,12.4,358,3.44
12/13/2022,27.1,20,23,12.42,0.6,0.6,5,13.7,20,2.75
12/14/2022,26.8,19,22.5,12.27,0.3,0.3,1,13.7,22,3.24
12/15/2022,27.4,18.5,22.8,12.96,0,0,0,9.1,348,2.91
12/16/2022,28.4,18,23.5,14.82,0,0,0,7,19,3.05
12/17/2022,29.1,18.4,23.5,15.62,0,0,0,9.4,346,3.25
12/18/2022,28.2,17.6,22.3,16.06,0,0,0,9.8,59,3.64
12/19/2022,27.9,15.4,21.6,16.35,0,0,0,8.6,83,3.72
12/20/2022,28.1,16.4,21.4,16.38,0,0,0,9.2,116,3.66
12/21/2022,28.2,15.7,21.5,16.34,0,0,0,8.6,154,3.63
12/22/2022,28.4,17.1,22.4,16.44,0,0,0,8,187,3.53
12/23/2022,28.1,17.5,22.5,16.19,0,0,0,14.8,235,3.75
12/24/2022,25.8,13.7,19.3,16.98,0,0,0,11.9,343,3.58
12/25/2022,25.2,13,18.6,16.66,0,0,0,13,57,3.31
12/26/2022,26.4,14.1,19.9,16.11,0,0,0,11.3,58,3.03
12/27/2022,26.6,14,20.1,16.31,0,0,0,11.2,45,3.13
12/28/2022,26.2,13.2,19.4,16.74,0,0,0,10.3,55,3.55
12/29/2022,27.1,12.2,19.8,16.93,0,0,0,10.2,153,3.84
12/30/2022,28.2,16.5,21.7,16.47,0,0,0,12.3,266,3.79
12/31/2022,25,14.2,19.2,16.94,0,0,0,12.3,21,3.44
1/1/2023,23.9,12.8,18.1,16.82,0,0,0,11.8,50,3.31
1/2/2023,23.8,11.7,17.5,17.1,0,0,0,11.2,67,3.21
1/3/2023,23.3,11.4,17,17.14,0,0,0,14,53,3.3
1/4/2023,21.5,10.4,15.4,17.32,0,0,0,19.3,50,3.28
1/5/2023,21.9,10.2,15.8,14.45,0,0,0,16.1,70,2.7
1/6/2023,23.8,12.7,17.8,15.52,0,0,0,13,83,3.09
1/7/2023,24.8,12.5,18.3,17.16,0,0,0,9.8,69,3.38
1/8/2023,25,11.3,17.6,17.79,0,0,0,9.8,60,3.73
1/9/2023,25.3,10.9,17.4,18.13,0,0,0,9.2,67,3.7
1/10/2023,25.9,10.2,17.7,17.95,0,0,0,8.4,54,3.61
1/11/2023,26.3,12.9,18.9,17.79,0,0,0,10.3,181,3.88
1/12/2023,26,11.8,19.1,17.27,0,0,0,15.2,266,3.6
1/13/2023,24.9,14.7,19,17.73,0,0,0,15.1,266,3.74
1/14/2023,23.2,10.4,16.7,18.32,0,0,0,11,15,3.39
1/15/2023,22.7,10.3,16.2,18.25,0,0,0,11.3,42,3.3
1/16/2023,23.7,9.6,16.3,18.09,0,0,0,11.5,53,3.54
1/17/2023,24,10,16.8,18.21,0,0,0,10.9,41,3.66
1/18/2023,24.4,10.6,17.1,18.41,0,0,0,11.3,64,3.82
1/19/2023,25.8,11.1,18.3,18.06,0,0,0,10.1,89,3.69
1/20/2023,27.6,14.1,20.2,18.04,0,0,0,17.9,209,3.99
1/21/2023,27,11.8,19.4,18.13,0,0,0,12.5,273,3.84
1/22/2023,25.9,13,19.2,18.04,0,0,0,10.7,287,3.64
1/23/2023,26.5,14.8,20.1,17.53,0,0,0,15.2,204,3.73
1/24/2023,26.1,13.6,19.8,18.06,0,0,0,14.6,266,3.57
1/25/2023,25,14.6,19.6,15.66,0,0,0,11.4,357,3.04
1/26/2023,23.8,15.6,19.2,10.04,0.4,0.4,4,15.4,38,1.99
1/27/2023,25.2,14.4,19.3,16.74,0.1,0.1,1,14.6,53,3
1/28/2023,27.1,14.5,20.6,17.59,0,0,0,12.7,99,3.4
1/29/2023,28.1,16.9,22.2,17.88,0,0,0,22,149,4.07
1/30/2023,26.7,15.2,20.6,17.23,0.2,0.2,1,12.3,359,3.22
1/31/2023,24.5,15.3,19.6,17.47,0,0,0,17.1,30,3.35
2/1/2023,25.2,12.2,17.9,19.8,0,0,0,16.1,43,3.99
2/2/2023,25.8,9.5,17.3,20.41,0,0,0,10.3,55,4.13
2/3/2023,26.4,10.4,18.5,20.24,0,0,0,12.2,86,4.28
2/4/2023,26.9,11,19.1,20.21,0,0,0,9.3,64,4.25
2/5/2023,27.8,14.8,21.3,20.34,0,0,0,10.5,122,4.51
2/6/2023,28.9,16.2,21.8,20,0,0,0,10.2,222,4.95
2/7/2023,28.3,14.3,21.1,20.17,0,0,0,11.6,346,4.56
2/8/2023,28.7,13.4,21,20.49,0,0,0,9.7,57,4.53
2/9/2023,30,14.9,22.6,20.48,0,0,0,9.6,189,4.76
2/10/2023,32,14.6,22.9,20.65,0,0,0,16.8,262,5.69
